<ImportExportXml version="9.1.1.914" SolutionPackageVersion="9.1" languagecode="1033" generatedBy="OnPremise" xmlns:xsi="http://www.w3.org/2001/XMLSchema-instance">
  <SolutionManifest>
    <UniqueName>HajirSales</UniqueName>
    <LocalizedNames>
      <LocalizedName description="Hajir Sales" languagecode="1033" />
    </LocalizedNames>
    <Descriptions>
      <Description description="Hajir sales solution.    History:   1.0.2: Forms   1.0.3: Account, Contact Form  1.0.4: Job Titles 1.05: Account Industry 1.08: Acccount/Contact Forms" languagecode="1033" />
    </Descriptions>
    <Version>1.0.13</Version>
    <Managed>0</Managed>
    <Publisher>
      <UniqueName>hajirsanat</UniqueName>
      <LocalizedNames>
        <LocalizedName description="Hajir Sanat" languagecode="1033" />
      </LocalizedNames>
      <Descriptions />
      <EMailAddress xsi:nil="true"></EMailAddress>
      <SupportingWebsiteUrl xsi:nil="true"></SupportingWebsiteUrl>
      <CustomizationPrefix>hajir</CustomizationPrefix>
      <CustomizationOptionValuePrefix>20150</CustomizationOptionValuePrefix>
      <Addresses>
        <Address>
          <AddressNumber>1</AddressNumber>
          <AddressTypeCode>1</AddressTypeCode>
          <City xsi:nil="true"></City>
          <County xsi:nil="true"></County>
          <Country xsi:nil="true"></Country>
          <Fax xsi:nil="true"></Fax>
          <FreightTermsCode xsi:nil="true"></FreightTermsCode>
          <ImportSequenceNumber xsi:nil="true"></ImportSequenceNumber>
          <Latitude xsi:nil="true"></Latitude>
          <Line1 xsi:nil="true"></Line1>
          <Line2 xsi:nil="true"></Line2>
          <Line3 xsi:nil="true"></Line3>
          <Longitude xsi:nil="true"></Longitude>
          <Name xsi:nil="true"></Name>
          <PostalCode xsi:nil="true"></PostalCode>
          <PostOfficeBox xsi:nil="true"></PostOfficeBox>
          <PrimaryContactName xsi:nil="true"></PrimaryContactName>
          <ShippingMethodCode>1</ShippingMethodCode>
          <StateOrProvince xsi:nil="true"></StateOrProvince>
          <Telephone1 xsi:nil="true"></Telephone1>
          <Telephone2 xsi:nil="true"></Telephone2>
          <Telephone3 xsi:nil="true"></Telephone3>
          <TimeZoneRuleVersionNumber xsi:nil="true"></TimeZoneRuleVersionNumber>
          <UPSZone xsi:nil="true"></UPSZone>
          <UTCOffset xsi:nil="true"></UTCOffset>
          <UTCConversionTimeZoneCode xsi:nil="true"></UTCConversionTimeZoneCode>
        </Address>
        <Address>
          <AddressNumber>2</AddressNumber>
          <AddressTypeCode>1</AddressTypeCode>
          <City xsi:nil="true"></City>
          <County xsi:nil="true"></County>
          <Country xsi:nil="true"></Country>
          <Fax xsi:nil="true"></Fax>
          <FreightTermsCode xsi:nil="true"></FreightTermsCode>
          <ImportSequenceNumber xsi:nil="true"></ImportSequenceNumber>
          <Latitude xsi:nil="true"></Latitude>
          <Line1 xsi:nil="true"></Line1>
          <Line2 xsi:nil="true"></Line2>
          <Line3 xsi:nil="true"></Line3>
          <Longitude xsi:nil="true"></Longitude>
          <Name xsi:nil="true"></Name>
          <PostalCode xsi:nil="true"></PostalCode>
          <PostOfficeBox xsi:nil="true"></PostOfficeBox>
          <PrimaryContactName xsi:nil="true"></PrimaryContactName>
          <ShippingMethodCode>1</ShippingMethodCode>
          <StateOrProvince xsi:nil="true"></StateOrProvince>
          <Telephone1 xsi:nil="true"></Telephone1>
          <Telephone2 xsi:nil="true"></Telephone2>
          <Telephone3 xsi:nil="true"></Telephone3>
          <TimeZoneRuleVersionNumber xsi:nil="true"></TimeZoneRuleVersionNumber>
          <UPSZone xsi:nil="true"></UPSZone>
          <UTCOffset xsi:nil="true"></UTCOffset>
          <UTCConversionTimeZoneCode xsi:nil="true"></UTCConversionTimeZoneCode>
        </Address>
      </Addresses>
    </Publisher>
    <RootComponents>
      <RootComponent type="1" schemaName="account" behavior="2" />
      <RootComponent type="1" schemaName="contact" behavior="2" />
      <RootComponent type="1" schemaName="hajir_city" behavior="0" />
      <RootComponent type="1" schemaName="hajir_country" behavior="0" />
      <RootComponent type="1" schemaName="hajir_industry" behavior="0" />
      <RootComponent type="1" schemaName="hajir_jobtitle" behavior="0" />
      <RootComponent type="1" schemaName="hajir_province" behavior="0" />
      <RootComponent type="1" schemaName="quote" behavior="2" />
      <RootComponent type="1" schemaName="quotedetail" behavior="2" />
      <RootComponent type="60" id="{1fed44d1-ae68-4a41-bd2b-f13acac4acfa}" />
      <RootComponent type="60" id="{1ff13845-48d3-4744-bc69-43b691931a6e}" />
      <RootComponent type="60" id="{4cf570a4-b6c2-4558-a5ab-7605803b5e6d}" behavior="0" />
      <RootComponent type="60" id="{54076a2d-d043-4a1b-b061-4d06846371a9}" />
      <RootComponent type="60" id="{8448b78f-8f42-454e-8e2a-f8196b0419af}" />
      <RootComponent type="60" id="{9d21a5b7-64f6-4470-9b74-5adf9fb23441}" behavior="0" />
      <RootComponent type="60" id="{a4ad7bad-2fda-4f22-a36f-6fe550cb63e7}" behavior="0" />
      <RootComponent type="60" id="{ef0b100a-2a0d-4b48-b0dd-7bd970f53049}" behavior="0" />
      <RootComponent type="61" schemaName="hajir_BlazorXrmFrame" behavior="0" />
    </RootComponents>
    <MissingDependencies>
      <MissingDependency>
        <Required key="0" type="1" schemaName="quotedetail" displayName="Quote Product" solution="msdynce_Sales (9.0.4.0076)" />
        <Dependent key="0" type="1" schemaName="quotedetail" displayName="Quote Product" />
      </MissingDependency>
      <MissingDependency>
        <Required key="1" type="1" schemaName="quote" displayName="Quote" solution="msdynce_Sales (9.0.4.0076)" />
        <Dependent key="1" type="1" schemaName="quote" displayName="Quote" />
      </MissingDependency>
      <MissingDependency>
        <Required key="2" type="1" schemaName="opportunity" displayName="Opportunity" solution="msdynce_Sales (9.0.4.0076)" />
        <Dependent key="3" type="60" displayName="Account" parentDisplayName="Account" id="{8448b78f-8f42-454e-8e2a-f8196b0419af}" />
      </MissingDependency>
      <MissingDependency>
        <Required key="4" type="1" schemaName="incident" displayName="Case" solution="msdynce_Service (9.0.5.56)" />
        <Dependent key="3" type="60" displayName="Account" parentDisplayName="Account" id="{8448b78f-8f42-454e-8e2a-f8196b0419af}" />
      </MissingDependency>
      <MissingDependency>
        <Required key="5" type="26" schemaName="Recent Opportunities" displayName="Recent Opportunities" parentSchemaName="opportunity" parentDisplayName="Opportunity" solution="msdynce_Sales (9.0.4.0076)" id="{9c3f7ee8-eca7-e211-9fb6-00155dd0ea05}" />
        <Dependent key="3" type="60" displayName="Account" parentDisplayName="Account" id="{8448b78f-8f42-454e-8e2a-f8196b0419af}" />
      </MissingDependency>
      <MissingDependency>
        <Required key="6" type="26" schemaName="My Open Opportunities" displayName="My Open Opportunities" parentSchemaName="opportunity" parentDisplayName="Opportunity" solution="msdynce_Sales (9.0.4.0076)" id="{00000000-0000-0000-00aa-000010003000}" />
        <Dependent key="3" type="60" displayName="Account" parentDisplayName="Account" id="{8448b78f-8f42-454e-8e2a-f8196b0419af}" />
      </MissingDependency>
      <MissingDependency>
        <Required key="7" type="26" schemaName="All Cases for Customer" displayName="All Cases for Customer" parentSchemaName="incident" parentDisplayName="Case" solution="msdynce_Service (9.0.5.56)" id="{00000000-0000-0000-00aa-000010001039}" />
        <Dependent key="3" type="60" displayName="Account" parentDisplayName="Account" id="{8448b78f-8f42-454e-8e2a-f8196b0419af}" />
      </MissingDependency>
      <MissingDependency>
        <Required key="8" type="59" schemaName="Top Customers" displayName="Top Customers" parentSchemaName="opportunity" parentDisplayName="Opportunity" solution="msdynce_Sales (9.0.4.0076)" id="{8bc5fb18-48f2-4782-9e16-3d452fa4ddce}" />
        <Dependent key="3" type="60" displayName="Account" parentDisplayName="Account" id="{8448b78f-8f42-454e-8e2a-f8196b0419af}" />
      </MissingDependency>
      <MissingDependency>
        <Required key="9" type="60" displayName="account contact card" parentDisplayName="Contact" solution="msdynce_AppCommon (9.0.4.0066)" id="{29de27bc-a257-4f29-99cf-bab4a84e688f}" />
        <Dependent key="3" type="60" displayName="Account" parentDisplayName="Account" id="{8448b78f-8f42-454e-8e2a-f8196b0419af}" />
      </MissingDependency>
      <MissingDependency>
        <Required key="3" type="60" displayName="Account" parentDisplayName="Account" solution="msdynce_AppCommon (9.0.4.0066)" id="{8448b78f-8f42-454e-8e2a-f8196b0419af}" />
        <Dependent key="3" type="60" displayName="Account" parentDisplayName="Account" id="{8448b78f-8f42-454e-8e2a-f8196b0419af}" />
      </MissingDependency>
      <MissingDependency>
        <Required key="2" type="1" schemaName="opportunity" displayName="Opportunity" solution="msdynce_Sales (9.0.4.0076)" />
        <Dependent key="10" type="60" displayName="Contact" parentDisplayName="Contact" id="{1fed44d1-ae68-4a41-bd2b-f13acac4acfa}" />
      </MissingDependency>
      <MissingDependency>
        <Required key="4" type="1" schemaName="incident" displayName="Case" solution="msdynce_Service (9.0.5.56)" />
        <Dependent key="10" type="60" displayName="Contact" parentDisplayName="Contact" id="{1fed44d1-ae68-4a41-bd2b-f13acac4acfa}" />
      </MissingDependency>
      <MissingDependency>
        <Required key="11" type="2" schemaName="originatingleadid" displayName="Originating Lead" parentSchemaName="contact" parentDisplayName="Contact" solution="msdynce_LeadManagement (9.0.4.0066)" />
        <Dependent key="10" type="60" displayName="Contact" parentDisplayName="Contact" id="{1fed44d1-ae68-4a41-bd2b-f13acac4acfa}" />
      </MissingDependency>
      <MissingDependency>
        <Required key="12" type="2" schemaName="businesscardattributes" displayName="BusinessCardAttributes" parentSchemaName="contact" parentDisplayName="Contact" solution="msdynce_SalesPatch201904 (9.0.1912.1007)" />
        <Dependent key="10" type="60" displayName="Contact" parentDisplayName="Contact" id="{1fed44d1-ae68-4a41-bd2b-f13acac4acfa}" />
      </MissingDependency>
      <MissingDependency>
        <Required key="13" type="2" schemaName="businesscard" displayName="Business Card" parentSchemaName="contact" parentDisplayName="Contact" solution="msdynce_SalesPatch201904 (9.0.1912.1007)" />
        <Dependent key="10" type="60" displayName="Contact" parentDisplayName="Contact" id="{1fed44d1-ae68-4a41-bd2b-f13acac4acfa}" />
      </MissingDependency>
      <MissingDependency>
        <Required key="14" type="26" schemaName="My Active Cases" displayName="My Active Cases" parentSchemaName="incident" parentDisplayName="Case" solution="msdynce_Service (9.0.5.56)" id="{00000000-0000-0000-00aa-000010001028}" />
        <Dependent key="10" type="60" displayName="Contact" parentDisplayName="Contact" id="{1fed44d1-ae68-4a41-bd2b-f13acac4acfa}" />
      </MissingDependency>
      <MissingDependency>
        <Required key="15" type="26" schemaName="Recent Cases" displayName="Recent Cases" parentSchemaName="incident" parentDisplayName="Case" solution="msdynce_Service (9.0.5.56)" id="{ebd1d24a-eea7-e211-9fb6-00155dd0ea05}" />
        <Dependent key="10" type="60" displayName="Contact" parentDisplayName="Contact" id="{1fed44d1-ae68-4a41-bd2b-f13acac4acfa}" />
      </MissingDependency>
      <MissingDependency>
        <Required key="6" type="26" schemaName="My Open Opportunities" displayName="My Open Opportunities" parentSchemaName="opportunity" parentDisplayName="Opportunity" solution="msdynce_Sales (9.0.4.0076)" id="{00000000-0000-0000-00aa-000010003000}" />
        <Dependent key="10" type="60" displayName="Contact" parentDisplayName="Contact" id="{1fed44d1-ae68-4a41-bd2b-f13acac4acfa}" />
      </MissingDependency>
      <MissingDependency>
        <Required key="5" type="26" schemaName="Recent Opportunities" displayName="Recent Opportunities" parentSchemaName="opportunity" parentDisplayName="Opportunity" solution="msdynce_Sales (9.0.4.0076)" id="{9c3f7ee8-eca7-e211-9fb6-00155dd0ea05}" />
        <Dependent key="10" type="60" displayName="Contact" parentDisplayName="Contact" id="{1fed44d1-ae68-4a41-bd2b-f13acac4acfa}" />
      </MissingDependency>
      <MissingDependency>
        <Required key="16" type="59" schemaName="Case Mix (By Business Unit)" displayName="Case Mix (By Business Unit)" parentSchemaName="incident" parentDisplayName="Case" solution="msdynce_Service (9.0.5.56)" id="{f10375a6-4893-de11-97d4-00155da3b01e}" />
        <Dependent key="10" type="60" displayName="Contact" parentDisplayName="Contact" id="{1fed44d1-ae68-4a41-bd2b-f13acac4acfa}" />
      </MissingDependency>
      <MissingDependency>
        <Required key="8" type="59" schemaName="Top Customers" displayName="Top Customers" parentSchemaName="opportunity" parentDisplayName="Opportunity" solution="msdynce_Sales (9.0.4.0076)" id="{8bc5fb18-48f2-4782-9e16-3d452fa4ddce}" />
        <Dependent key="10" type="60" displayName="Contact" parentDisplayName="Contact" id="{1fed44d1-ae68-4a41-bd2b-f13acac4acfa}" />
      </MissingDependency>
      <MissingDependency>
        <Required key="10" type="60" displayName="Contact" parentDisplayName="Contact" solution="msdynce_AppCommon (9.0.4.0066)" id="{1fed44d1-ae68-4a41-bd2b-f13acac4acfa}" />
        <Dependent key="10" type="60" displayName="Contact" parentDisplayName="Contact" id="{1fed44d1-ae68-4a41-bd2b-f13acac4acfa}" />
      </MissingDependency>
      <MissingDependency>
        <Required key="9" type="60" displayName="account contact card" parentDisplayName="Contact" solution="msdynce_AppCommon (9.0.4.0066)" id="{29de27bc-a257-4f29-99cf-bab4a84e688f}" />
        <Dependent key="10" type="60" displayName="Contact" parentDisplayName="Contact" id="{1fed44d1-ae68-4a41-bd2b-f13acac4acfa}" />
      </MissingDependency>
      <MissingDependency>
        <Required key="17" type="66" schemaName="MscrmControls.TalkingPointsControl.TalkingPoints" displayName="MscrmControls.TalkingPointsControl.TalkingPoints" solution="msdynce_Talkingpoints (9.0.1.701283)" />
        <Dependent key="10" type="60" displayName="Contact" parentDisplayName="Contact" id="{1fed44d1-ae68-4a41-bd2b-f13acac4acfa}" />
      </MissingDependency>
      <MissingDependency>
        <Required key="18" type="66" schemaName="Intelligence.BusinessCardReaderControl.BusinessCardReader" displayName="Intelligence.BusinessCardReaderControl.BusinessCardReader" solution="BaseCustomControlsCore (9.0.2009.3009)" />
        <Dependent key="10" type="60" displayName="Contact" parentDisplayName="Contact" id="{1fed44d1-ae68-4a41-bd2b-f13acac4acfa}" />
      </MissingDependency>
      <MissingDependency>
        <Required key="19" type="66" schemaName="MscrmControls.CardFeedContainer.CardFeedContainer" displayName="MscrmControls.CardFeedContainer.CardFeedContainer" solution="BaseCustomControlsCore (9.0.2009.3009)" />
        <Dependent key="10" type="60" displayName="Contact" parentDisplayName="Contact" id="{1fed44d1-ae68-4a41-bd2b-f13acac4acfa}" />
      </MissingDependency>
      <MissingDependency>
        <Required key="20" type="61" schemaName="msdyn_talkingpointsloader.js" displayName="msdyn_talkingpointsloader.js" solution="msdynce_Talkingpoints (9.0.1.701283)" />
        <Dependent key="10" type="60" displayName="Contact" parentDisplayName="Contact" id="{1fed44d1-ae68-4a41-bd2b-f13acac4acfa}" />
      </MissingDependency>
      <MissingDependency>
        <Required key="21" type="61" schemaName="Sales/ClientCommon/Sales_ClientCommon.js" displayName="Sales/ClientCommon/Sales_ClientCommon.js" solution="msdynce_Sales (9.0.4.0076)" />
        <Dependent key="10" type="60" displayName="Contact" parentDisplayName="Contact" id="{1fed44d1-ae68-4a41-bd2b-f13acac4acfa}" />
      </MissingDependency>
      <MissingDependency>
        <Required key="4" type="1" schemaName="incident" displayName="Case" solution="msdynce_Service (9.0.5.56)" />
        <Dependent key="22" type="60" displayName="Hajir Contact" parentDisplayName="Contact" id="{9d21a5b7-64f6-4470-9b74-5adf9fb23441}" />
      </MissingDependency>
      <MissingDependency>
        <Required key="2" type="1" schemaName="opportunity" displayName="Opportunity" solution="msdynce_Sales (9.0.4.0076)" />
        <Dependent key="22" type="60" displayName="Hajir Contact" parentDisplayName="Contact" id="{9d21a5b7-64f6-4470-9b74-5adf9fb23441}" />
      </MissingDependency>
      <MissingDependency>
        <Required key="11" type="2" schemaName="originatingleadid" displayName="Originating Lead" parentSchemaName="contact" parentDisplayName="Contact" solution="msdynce_LeadManagement (9.0.4.0066)" />
        <Dependent key="22" type="60" displayName="Hajir Contact" parentDisplayName="Contact" id="{9d21a5b7-64f6-4470-9b74-5adf9fb23441}" />
      </MissingDependency>
      <MissingDependency>
        <Required key="12" type="2" schemaName="businesscardattributes" displayName="BusinessCardAttributes" parentSchemaName="contact" parentDisplayName="Contact" solution="msdynce_SalesPatch201904 (9.0.1912.1007)" />
        <Dependent key="22" type="60" displayName="Hajir Contact" parentDisplayName="Contact" id="{9d21a5b7-64f6-4470-9b74-5adf9fb23441}" />
      </MissingDependency>
      <MissingDependency>
        <Required key="13" type="2" schemaName="businesscard" displayName="Business Card" parentSchemaName="contact" parentDisplayName="Contact" solution="msdynce_SalesPatch201904 (9.0.1912.1007)" />
        <Dependent key="22" type="60" displayName="Hajir Contact" parentDisplayName="Contact" id="{9d21a5b7-64f6-4470-9b74-5adf9fb23441}" />
      </MissingDependency>
      <MissingDependency>
        <Required key="15" type="26" schemaName="Recent Cases" displayName="Recent Cases" parentSchemaName="incident" parentDisplayName="Case" solution="msdynce_Service (9.0.5.56)" id="{ebd1d24a-eea7-e211-9fb6-00155dd0ea05}" />
        <Dependent key="22" type="60" displayName="Hajir Contact" parentDisplayName="Contact" id="{9d21a5b7-64f6-4470-9b74-5adf9fb23441}" />
      </MissingDependency>
      <MissingDependency>
        <Required key="6" type="26" schemaName="My Open Opportunities" displayName="My Open Opportunities" parentSchemaName="opportunity" parentDisplayName="Opportunity" solution="msdynce_Sales (9.0.4.0076)" id="{00000000-0000-0000-00aa-000010003000}" />
        <Dependent key="22" type="60" displayName="Hajir Contact" parentDisplayName="Contact" id="{9d21a5b7-64f6-4470-9b74-5adf9fb23441}" />
      </MissingDependency>
      <MissingDependency>
        <Required key="5" type="26" schemaName="Recent Opportunities" displayName="Recent Opportunities" parentSchemaName="opportunity" parentDisplayName="Opportunity" solution="msdynce_Sales (9.0.4.0076)" id="{9c3f7ee8-eca7-e211-9fb6-00155dd0ea05}" />
        <Dependent key="22" type="60" displayName="Hajir Contact" parentDisplayName="Contact" id="{9d21a5b7-64f6-4470-9b74-5adf9fb23441}" />
      </MissingDependency>
      <MissingDependency>
        <Required key="14" type="26" schemaName="My Active Cases" displayName="My Active Cases" parentSchemaName="incident" parentDisplayName="Case" solution="msdynce_Service (9.0.5.56)" id="{00000000-0000-0000-00aa-000010001028}" />
        <Dependent key="22" type="60" displayName="Hajir Contact" parentDisplayName="Contact" id="{9d21a5b7-64f6-4470-9b74-5adf9fb23441}" />
      </MissingDependency>
      <MissingDependency>
        <Required key="8" type="59" schemaName="Top Customers" displayName="Top Customers" parentSchemaName="opportunity" parentDisplayName="Opportunity" solution="msdynce_Sales (9.0.4.0076)" id="{8bc5fb18-48f2-4782-9e16-3d452fa4ddce}" />
        <Dependent key="22" type="60" displayName="Hajir Contact" parentDisplayName="Contact" id="{9d21a5b7-64f6-4470-9b74-5adf9fb23441}" />
      </MissingDependency>
      <MissingDependency>
        <Required key="16" type="59" schemaName="Case Mix (By Business Unit)" displayName="Case Mix (By Business Unit)" parentSchemaName="incident" parentDisplayName="Case" solution="msdynce_Service (9.0.5.56)" id="{f10375a6-4893-de11-97d4-00155da3b01e}" />
        <Dependent key="22" type="60" displayName="Hajir Contact" parentDisplayName="Contact" id="{9d21a5b7-64f6-4470-9b74-5adf9fb23441}" />
      </MissingDependency>
      <MissingDependency>
        <Required key="9" type="60" displayName="account contact card" parentDisplayName="Contact" solution="msdynce_AppCommon (9.0.4.0066)" id="{29de27bc-a257-4f29-99cf-bab4a84e688f}" />
        <Dependent key="22" type="60" displayName="Hajir Contact" parentDisplayName="Contact" id="{9d21a5b7-64f6-4470-9b74-5adf9fb23441}" />
      </MissingDependency>
      <MissingDependency>
        <Required key="18" type="66" schemaName="Intelligence.BusinessCardReaderControl.BusinessCardReader" displayName="Intelligence.BusinessCardReaderControl.BusinessCardReader" solution="BaseCustomControlsCore (9.0.2009.3009)" />
        <Dependent key="22" type="60" displayName="Hajir Contact" parentDisplayName="Contact" id="{9d21a5b7-64f6-4470-9b74-5adf9fb23441}" />
      </MissingDependency>
      <MissingDependency>
        <Required key="17" type="66" schemaName="MscrmControls.TalkingPointsControl.TalkingPoints" displayName="MscrmControls.TalkingPointsControl.TalkingPoints" solution="msdynce_Talkingpoints (9.0.1.701283)" />
        <Dependent key="22" type="60" displayName="Hajir Contact" parentDisplayName="Contact" id="{9d21a5b7-64f6-4470-9b74-5adf9fb23441}" />
      </MissingDependency>
      <MissingDependency>
        <Required key="19" type="66" schemaName="MscrmControls.CardFeedContainer.CardFeedContainer" displayName="MscrmControls.CardFeedContainer.CardFeedContainer" solution="BaseCustomControlsCore (9.0.2009.3009)" />
        <Dependent key="22" type="60" displayName="Hajir Contact" parentDisplayName="Contact" id="{9d21a5b7-64f6-4470-9b74-5adf9fb23441}" />
      </MissingDependency>
      <MissingDependency>
        <Required key="23" type="61" schemaName="Sales/Contact/Contact_main_system_library.js" displayName="Sales/Contact/Contact_main_system_library.js" solution="msdynce_SalesPatch201904 (9.0.1912.1007)" />
        <Dependent key="22" type="60" displayName="Hajir Contact" parentDisplayName="Contact" id="{9d21a5b7-64f6-4470-9b74-5adf9fb23441}" />
      </MissingDependency>
      <MissingDependency>
        <Required key="20" type="61" schemaName="msdyn_talkingpointsloader.js" displayName="msdyn_talkingpointsloader.js" solution="msdynce_Talkingpoints (9.0.1.701283)" />
        <Dependent key="22" type="60" displayName="Hajir Contact" parentDisplayName="Contact" id="{9d21a5b7-64f6-4470-9b74-5adf9fb23441}" />
      </MissingDependency>
      <MissingDependency>
        <Required key="24" type="61" schemaName="AppCommon/Contact/Contact_main_system_library.js" displayName="AppCommon/Contact/Contact_main_system_library.js" solution="msdynce_AppCommon (9.0.4.0066)" />
        <Dependent key="22" type="60" displayName="Hajir Contact" parentDisplayName="Contact" id="{9d21a5b7-64f6-4470-9b74-5adf9fb23441}" />
      </MissingDependency>
      <MissingDependency>
        <Required key="21" type="61" schemaName="Sales/ClientCommon/Sales_ClientCommon.js" displayName="Sales/ClientCommon/Sales_ClientCommon.js" solution="msdynce_Sales (9.0.4.0076)" />
        <Dependent key="22" type="60" displayName="Hajir Contact" parentDisplayName="Contact" id="{9d21a5b7-64f6-4470-9b74-5adf9fb23441}" />
      </MissingDependency>
      <MissingDependency>
        <Required key="4" type="1" schemaName="incident" displayName="Case" solution="msdynce_Service (9.0.5.56)" />
        <Dependent key="25" type="60" displayName="Hajir Account" parentDisplayName="Account" id="{ef0b100a-2a0d-4b48-b0dd-7bd970f53049}" />
      </MissingDependency>
      <MissingDependency>
        <Required key="2" type="1" schemaName="opportunity" displayName="Opportunity" solution="msdynce_Sales (9.0.4.0076)" />
        <Dependent key="25" type="60" displayName="Hajir Account" parentDisplayName="Account" id="{ef0b100a-2a0d-4b48-b0dd-7bd970f53049}" />
      </MissingDependency>
      <MissingDependency>
        <Required key="6" type="26" schemaName="My Open Opportunities" displayName="My Open Opportunities" parentSchemaName="opportunity" parentDisplayName="Opportunity" solution="msdynce_Sales (9.0.4.0076)" id="{00000000-0000-0000-00aa-000010003000}" />
        <Dependent key="25" type="60" displayName="Hajir Account" parentDisplayName="Account" id="{ef0b100a-2a0d-4b48-b0dd-7bd970f53049}" />
      </MissingDependency>
      <MissingDependency>
        <Required key="7" type="26" schemaName="All Cases for Customer" displayName="All Cases for Customer" parentSchemaName="incident" parentDisplayName="Case" solution="msdynce_Service (9.0.5.56)" id="{00000000-0000-0000-00aa-000010001039}" />
        <Dependent key="25" type="60" displayName="Hajir Account" parentDisplayName="Account" id="{ef0b100a-2a0d-4b48-b0dd-7bd970f53049}" />
      </MissingDependency>
      <MissingDependency>
        <Required key="5" type="26" schemaName="Recent Opportunities" displayName="Recent Opportunities" parentSchemaName="opportunity" parentDisplayName="Opportunity" solution="msdynce_Sales (9.0.4.0076)" id="{9c3f7ee8-eca7-e211-9fb6-00155dd0ea05}" />
        <Dependent key="25" type="60" displayName="Hajir Account" parentDisplayName="Account" id="{ef0b100a-2a0d-4b48-b0dd-7bd970f53049}" />
      </MissingDependency>
      <MissingDependency>
        <Required key="8" type="59" schemaName="Top Customers" displayName="Top Customers" parentSchemaName="opportunity" parentDisplayName="Opportunity" solution="msdynce_Sales (9.0.4.0076)" id="{8bc5fb18-48f2-4782-9e16-3d452fa4ddce}" />
        <Dependent key="25" type="60" displayName="Hajir Account" parentDisplayName="Account" id="{ef0b100a-2a0d-4b48-b0dd-7bd970f53049}" />
      </MissingDependency>
      <MissingDependency>
        <Required key="9" type="60" displayName="account contact card" parentDisplayName="Contact" solution="msdynce_AppCommon (9.0.4.0066)" id="{29de27bc-a257-4f29-99cf-bab4a84e688f}" />
        <Dependent key="25" type="60" displayName="Hajir Account" parentDisplayName="Account" id="{ef0b100a-2a0d-4b48-b0dd-7bd970f53049}" />
      </MissingDependency>
      <MissingDependency>
        <Required key="21" type="61" schemaName="Sales/ClientCommon/Sales_ClientCommon.js" displayName="Sales/ClientCommon/Sales_ClientCommon.js" solution="msdynce_Sales (9.0.4.0076)" />
        <Dependent key="25" type="60" displayName="Hajir Account" parentDisplayName="Account" id="{ef0b100a-2a0d-4b48-b0dd-7bd970f53049}" />
      </MissingDependency>
      <MissingDependency>
        <Required key="26" type="61" schemaName="AppCommon/Account/Account_main_system_library.js" displayName="AppCommon/Account/Account_main_system_library.js" solution="msdynce_AppCommon (9.0.4.0066)" />
        <Dependent key="25" type="60" displayName="Hajir Account" parentDisplayName="Account" id="{ef0b100a-2a0d-4b48-b0dd-7bd970f53049}" />
      </MissingDependency>
      <MissingDependency>
        <Required key="27" type="2" schemaName="extendedamount" displayName="Extended Amount" parentSchemaName="quotedetail" parentDisplayName="Quote Product" solution="msdynce_Sales (9.0.4.0076)" />
        <Dependent key="28" type="60" displayName="Information" parentDisplayName="Quote Product" id="{1ff13845-48d3-4744-bc69-43b691931a6e}" />
      </MissingDependency>
      <MissingDependency>
        <Required key="29" type="2" schemaName="shipto_line2" displayName="Ship To Street 2" parentSchemaName="quotedetail" parentDisplayName="Quote Product" solution="msdynce_Sales (9.0.4.0076)" />
        <Dependent key="28" type="60" displayName="Information" parentDisplayName="Quote Product" id="{1ff13845-48d3-4744-bc69-43b691931a6e}" />
      </MissingDependency>
      <MissingDependency>
        <Required key="30" type="2" schemaName="requestdeliveryby" displayName="Requested Delivery Date" parentSchemaName="quotedetail" parentDisplayName="Quote Product" solution="msdynce_Sales (9.0.4.0076)" />
        <Dependent key="28" type="60" displayName="Information" parentDisplayName="Quote Product" id="{1ff13845-48d3-4744-bc69-43b691931a6e}" />
      </MissingDependency>
      <MissingDependency>
        <Required key="31" type="2" schemaName="quantity" displayName="Quantity" parentSchemaName="quotedetail" parentDisplayName="Quote Product" solution="msdynce_Sales (9.0.4.0076)" />
        <Dependent key="28" type="60" displayName="Information" parentDisplayName="Quote Product" id="{1ff13845-48d3-4744-bc69-43b691931a6e}" />
      </MissingDependency>
      <MissingDependency>
        <Required key="32" type="2" schemaName="willcall" displayName="Ship To" parentSchemaName="quotedetail" parentDisplayName="Quote Product" solution="msdynce_Sales (9.0.4.0076)" />
        <Dependent key="28" type="60" displayName="Information" parentDisplayName="Quote Product" id="{1ff13845-48d3-4744-bc69-43b691931a6e}" />
      </MissingDependency>
      <MissingDependency>
        <Required key="33" type="2" schemaName="shipto_postalcode" displayName="Ship To ZIP/Postal Code" parentSchemaName="quotedetail" parentDisplayName="Quote Product" solution="msdynce_Sales (9.0.4.0076)" />
        <Dependent key="28" type="60" displayName="Information" parentDisplayName="Quote Product" id="{1ff13845-48d3-4744-bc69-43b691931a6e}" />
      </MissingDependency>
      <MissingDependency>
        <Required key="34" type="2" schemaName="shipto_city" displayName="Ship To City" parentSchemaName="quotedetail" parentDisplayName="Quote Product" solution="msdynce_Sales (9.0.4.0076)" />
        <Dependent key="28" type="60" displayName="Information" parentDisplayName="Quote Product" id="{1ff13845-48d3-4744-bc69-43b691931a6e}" />
      </MissingDependency>
      <MissingDependency>
        <Required key="35" type="2" schemaName="priceperunit" displayName="Price Per Unit" parentSchemaName="quotedetail" parentDisplayName="Quote Product" solution="msdynce_Sales (9.0.4.0076)" />
        <Dependent key="28" type="60" displayName="Information" parentDisplayName="Quote Product" id="{1ff13845-48d3-4744-bc69-43b691931a6e}" />
      </MissingDependency>
      <MissingDependency>
        <Required key="36" type="2" schemaName="ispriceoverridden" displayName="Price Overridden" parentSchemaName="quotedetail" parentDisplayName="Quote Product" solution="msdynce_Sales (9.0.4.0076)" />
        <Dependent key="28" type="60" displayName="Information" parentDisplayName="Quote Product" id="{1ff13845-48d3-4744-bc69-43b691931a6e}" />
      </MissingDependency>
      <MissingDependency>
        <Required key="37" type="2" schemaName="shipto_freighttermscode" displayName="Freight Terms" parentSchemaName="quotedetail" parentDisplayName="Quote Product" solution="msdynce_Sales (9.0.4.0076)" />
        <Dependent key="28" type="60" displayName="Information" parentDisplayName="Quote Product" id="{1ff13845-48d3-4744-bc69-43b691931a6e}" />
      </MissingDependency>
      <MissingDependency>
        <Required key="38" type="2" schemaName="volumediscountamount" displayName="Volume Discount" parentSchemaName="quotedetail" parentDisplayName="Quote Product" solution="msdynce_Sales (9.0.4.0076)" />
        <Dependent key="28" type="60" displayName="Information" parentDisplayName="Quote Product" id="{1ff13845-48d3-4744-bc69-43b691931a6e}" />
      </MissingDependency>
      <MissingDependency>
        <Required key="39" type="2" schemaName="shipto_fax" displayName="Ship To Fax" parentSchemaName="quotedetail" parentDisplayName="Quote Product" solution="msdynce_Sales (9.0.4.0076)" />
        <Dependent key="28" type="60" displayName="Information" parentDisplayName="Quote Product" id="{1ff13845-48d3-4744-bc69-43b691931a6e}" />
      </MissingDependency>
      <MissingDependency>
        <Required key="40" type="2" schemaName="uomid" displayName="Unit" parentSchemaName="quotedetail" parentDisplayName="Quote Product" solution="msdynce_Sales (9.0.4.0076)" />
        <Dependent key="28" type="60" displayName="Information" parentDisplayName="Quote Product" id="{1ff13845-48d3-4744-bc69-43b691931a6e}" />
      </MissingDependency>
      <MissingDependency>
        <Required key="41" type="2" schemaName="shipto_country" displayName="Ship To Country/Region" parentSchemaName="quotedetail" parentDisplayName="Quote Product" solution="msdynce_Sales (9.0.4.0076)" />
        <Dependent key="28" type="60" displayName="Information" parentDisplayName="Quote Product" id="{1ff13845-48d3-4744-bc69-43b691931a6e}" />
      </MissingDependency>
      <MissingDependency>
        <Required key="42" type="2" schemaName="propertyconfigurationstatus" displayName="Property Configuration" parentSchemaName="quotedetail" parentDisplayName="Quote Product" solution="msdynce_Sales (9.0.4.0076)" />
        <Dependent key="28" type="60" displayName="Information" parentDisplayName="Quote Product" id="{1ff13845-48d3-4744-bc69-43b691931a6e}" />
      </MissingDependency>
      <MissingDependency>
        <Required key="43" type="2" schemaName="shipto_contactname" displayName="Ship To Contact Name" parentSchemaName="quotedetail" parentDisplayName="Quote Product" solution="msdynce_Sales (9.0.4.0076)" />
        <Dependent key="28" type="60" displayName="Information" parentDisplayName="Quote Product" id="{1ff13845-48d3-4744-bc69-43b691931a6e}" />
      </MissingDependency>
      <MissingDependency>
        <Required key="44" type="2" schemaName="baseamount" displayName="Amount" parentSchemaName="quotedetail" parentDisplayName="Quote Product" solution="msdynce_Sales (9.0.4.0076)" />
        <Dependent key="28" type="60" displayName="Information" parentDisplayName="Quote Product" id="{1ff13845-48d3-4744-bc69-43b691931a6e}" />
      </MissingDependency>
      <MissingDependency>
        <Required key="45" type="2" schemaName="shipto_telephone" displayName="Ship To Phone" parentSchemaName="quotedetail" parentDisplayName="Quote Product" solution="msdynce_Sales (9.0.4.0076)" />
        <Dependent key="28" type="60" displayName="Information" parentDisplayName="Quote Product" id="{1ff13845-48d3-4744-bc69-43b691931a6e}" />
      </MissingDependency>
      <MissingDependency>
        <Required key="46" type="2" schemaName="productid" displayName="Existing Product" parentSchemaName="quotedetail" parentDisplayName="Quote Product" solution="msdynce_Sales (9.0.4.0076)" />
        <Dependent key="28" type="60" displayName="Information" parentDisplayName="Quote Product" id="{1ff13845-48d3-4744-bc69-43b691931a6e}" />
      </MissingDependency>
      <MissingDependency>
        <Required key="47" type="2" schemaName="shipto_stateorprovince" displayName="Ship To State/Province" parentSchemaName="quotedetail" parentDisplayName="Quote Product" solution="msdynce_Sales (9.0.4.0076)" />
        <Dependent key="28" type="60" displayName="Information" parentDisplayName="Quote Product" id="{1ff13845-48d3-4744-bc69-43b691931a6e}" />
      </MissingDependency>
      <MissingDependency>
        <Required key="48" type="2" schemaName="productdescription" displayName="Write-In Product" parentSchemaName="quotedetail" parentDisplayName="Quote Product" solution="msdynce_Sales (9.0.4.0076)" />
        <Dependent key="28" type="60" displayName="Information" parentDisplayName="Quote Product" id="{1ff13845-48d3-4744-bc69-43b691931a6e}" />
      </MissingDependency>
      <MissingDependency>
        <Required key="49" type="2" schemaName="isproductoverridden" displayName="Select Product" parentSchemaName="quotedetail" parentDisplayName="Quote Product" solution="msdynce_Sales (9.0.4.0076)" />
        <Dependent key="28" type="60" displayName="Information" parentDisplayName="Quote Product" id="{1ff13845-48d3-4744-bc69-43b691931a6e}" />
      </MissingDependency>
      <MissingDependency>
        <Required key="50" type="2" schemaName="salesrepid" displayName="Salesperson" parentSchemaName="quotedetail" parentDisplayName="Quote Product" solution="msdynce_Sales (9.0.4.0076)" />
        <Dependent key="28" type="60" displayName="Information" parentDisplayName="Quote Product" id="{1ff13845-48d3-4744-bc69-43b691931a6e}" />
      </MissingDependency>
      <MissingDependency>
        <Required key="51" type="2" schemaName="shipto_line3" displayName="Ship To Street 3" parentSchemaName="quotedetail" parentDisplayName="Quote Product" solution="msdynce_Sales (9.0.4.0076)" />
        <Dependent key="28" type="60" displayName="Information" parentDisplayName="Quote Product" id="{1ff13845-48d3-4744-bc69-43b691931a6e}" />
      </MissingDependency>
      <MissingDependency>
        <Required key="52" type="2" schemaName="shipto_name" displayName="Ship To Name" parentSchemaName="quotedetail" parentDisplayName="Quote Product" solution="msdynce_Sales (9.0.4.0076)" />
        <Dependent key="28" type="60" displayName="Information" parentDisplayName="Quote Product" id="{1ff13845-48d3-4744-bc69-43b691931a6e}" />
      </MissingDependency>
      <MissingDependency>
        <Required key="53" type="2" schemaName="tax" displayName="Tax" parentSchemaName="quotedetail" parentDisplayName="Quote Product" solution="msdynce_Sales (9.0.4.0076)" />
        <Dependent key="28" type="60" displayName="Information" parentDisplayName="Quote Product" id="{1ff13845-48d3-4744-bc69-43b691931a6e}" />
      </MissingDependency>
      <MissingDependency>
        <Required key="54" type="2" schemaName="shipto_line1" displayName="Ship To Street 1" parentSchemaName="quotedetail" parentDisplayName="Quote Product" solution="msdynce_Sales (9.0.4.0076)" />
        <Dependent key="28" type="60" displayName="Information" parentDisplayName="Quote Product" id="{1ff13845-48d3-4744-bc69-43b691931a6e}" />
      </MissingDependency>
      <MissingDependency>
        <Required key="55" type="26" schemaName="Products With Price List" displayName="Products With Price List" parentSchemaName="product" parentDisplayName="Product" solution="msdynce_ProductManagement (9.0.4.0066)" id="{6abca607-018d-4042-a8a7-56a6a1190483}" />
        <Dependent key="28" type="60" displayName="Information" parentDisplayName="Quote Product" id="{1ff13845-48d3-4744-bc69-43b691931a6e}" />
      </MissingDependency>
      <MissingDependency>
        <Required key="56" type="26" schemaName="Products in Parent Price List" displayName="Products in Parent Price List" parentSchemaName="product" parentDisplayName="Product" solution="msdynce_ProductManagement (9.0.4.0066)" id="{bcc509ee-1444-4a95-aed2-128efd85ffd5}" />
        <Dependent key="28" type="60" displayName="Information" parentDisplayName="Quote Product" id="{1ff13845-48d3-4744-bc69-43b691931a6e}" />
      </MissingDependency>
      <MissingDependency>
        <Required key="57" type="26" schemaName="Unit Group Units By Product Price Level" displayName="Unit Group Units By Product Price Level" parentSchemaName="uom" parentDisplayName="Unit" solution="msdynce_ProductManagement (9.0.4.0066)" id="{26ff4574-e5b3-468d-b879-8bb27225d70b}" />
        <Dependent key="28" type="60" displayName="Information" parentDisplayName="Quote Product" id="{1ff13845-48d3-4744-bc69-43b691931a6e}" />
      </MissingDependency>
      <MissingDependency>
        <Required key="58" type="26" schemaName="Active Product Bundles" displayName="Active Product Bundles" parentSchemaName="product" parentDisplayName="Product" solution="msdynce_ProductManagement (9.0.4.0066)" id="{06377234-f167-47e7-bd5e-f7cc61b82f99}" />
        <Dependent key="28" type="60" displayName="Information" parentDisplayName="Quote Product" id="{1ff13845-48d3-4744-bc69-43b691931a6e}" />
      </MissingDependency>
      <MissingDependency>
        <Required key="59" type="26" schemaName="Product Lookup View" displayName="Product Lookup View" parentSchemaName="product" parentDisplayName="Product" solution="msdynce_ProductManagement (9.0.4.0066)" id="{8ba625b2-6a2a-4735-bab2-0c74ae8442a4}" />
        <Dependent key="28" type="60" displayName="Information" parentDisplayName="Quote Product" id="{1ff13845-48d3-4744-bc69-43b691931a6e}" />
      </MissingDependency>
      <MissingDependency>
        <Required key="28" type="60" displayName="Information" parentDisplayName="Quote Product" solution="msdynce_Sales (9.0.4.0076)" id="{1ff13845-48d3-4744-bc69-43b691931a6e}" />
        <Dependent key="28" type="60" displayName="Information" parentDisplayName="Quote Product" id="{1ff13845-48d3-4744-bc69-43b691931a6e}" />
      </MissingDependency>
      <MissingDependency>
        <Required key="60" type="66" schemaName="MscrmControls.EditProperties.EditPropertiesControl" displayName="MscrmControls.EditProperties.EditPropertiesControl" solution="msdynce_AppCommon (9.0.4.0066)" />
        <Dependent key="28" type="60" displayName="Information" parentDisplayName="Quote Product" id="{1ff13845-48d3-4744-bc69-43b691931a6e}" />
      </MissingDependency>
      <MissingDependency>
        <Required key="61" type="66" schemaName="MscrmControls.FlipSwitch.FlipSwitchControl" displayName="MscrmControls.FlipSwitch.FlipSwitchControl" solution="CustomControlsCore (9.1.0001.0914)" />
        <Dependent key="28" type="60" displayName="Information" parentDisplayName="Quote Product" id="{1ff13845-48d3-4744-bc69-43b691931a6e}" />
      </MissingDependency>
      <MissingDependency>
        <Required key="62" type="2" schemaName="transactioncurrencyid" displayName="Currency" parentSchemaName="quote" parentDisplayName="Quote" solution="msdynce_Sales (9.0.4.0076)" />
        <Dependent key="63" type="60" displayName="Quote" parentDisplayName="Quote" id="{54076a2d-d043-4a1b-b061-4d06846371a9}" />
      </MissingDependency>
      <MissingDependency>
        <Required key="64" type="2" schemaName="totalamount" displayName="Total Amount" parentSchemaName="quote" parentDisplayName="Quote" solution="msdynce_Sales (9.0.4.0076)" />
        <Dependent key="63" type="60" displayName="Quote" parentDisplayName="Quote" id="{54076a2d-d043-4a1b-b061-4d06846371a9}" />
      </MissingDependency>
      <MissingDependency>
        <Required key="65" type="2" schemaName="totallineitemamount" displayName="Total Detail Amount" parentSchemaName="quote" parentDisplayName="Quote" solution="msdynce_Sales (9.0.4.0076)" />
        <Dependent key="63" type="60" displayName="Quote" parentDisplayName="Quote" id="{54076a2d-d043-4a1b-b061-4d06846371a9}" />
      </MissingDependency>
      <MissingDependency>
        <Required key="66" type="2" schemaName="shippingmethodcode" displayName="Shipping Method" parentSchemaName="quote" parentDisplayName="Quote" solution="msdynce_Sales (9.0.4.0076)" />
        <Dependent key="63" type="60" displayName="Quote" parentDisplayName="Quote" id="{54076a2d-d043-4a1b-b061-4d06846371a9}" />
      </MissingDependency>
      <MissingDependency>
        <Required key="67" type="2" schemaName="billto_composite" displayName="Bill To Address" parentSchemaName="quote" parentDisplayName="Quote" solution="msdynce_Sales (9.0.4.0076)" />
        <Dependent key="63" type="60" displayName="Quote" parentDisplayName="Quote" id="{54076a2d-d043-4a1b-b061-4d06846371a9}" />
      </MissingDependency>
      <MissingDependency>
        <Required key="68" type="2" schemaName="expireson" displayName="Due By" parentSchemaName="quote" parentDisplayName="Quote" solution="msdynce_Sales (9.0.4.0076)" />
        <Dependent key="63" type="60" displayName="Quote" parentDisplayName="Quote" id="{54076a2d-d043-4a1b-b061-4d06846371a9}" />
      </MissingDependency>
      <MissingDependency>
        <Required key="69" type="2" schemaName="opportunityid" displayName="Opportunity" parentSchemaName="quote" parentDisplayName="Quote" solution="msdynce_Sales (9.0.4.0076)" />
        <Dependent key="63" type="60" displayName="Quote" parentDisplayName="Quote" id="{54076a2d-d043-4a1b-b061-4d06846371a9}" />
      </MissingDependency>
      <MissingDependency>
        <Required key="70" type="2" schemaName="effectivefrom" displayName="Effective From" parentSchemaName="quote" parentDisplayName="Quote" solution="msdynce_Sales (9.0.4.0076)" />
        <Dependent key="63" type="60" displayName="Quote" parentDisplayName="Quote" id="{54076a2d-d043-4a1b-b061-4d06846371a9}" />
      </MissingDependency>
      <MissingDependency>
        <Required key="71" type="2" schemaName="quotenumber" displayName="Quote ID" parentSchemaName="quote" parentDisplayName="Quote" solution="msdynce_Sales (9.0.4.0076)" />
        <Dependent key="63" type="60" displayName="Quote" parentDisplayName="Quote" id="{54076a2d-d043-4a1b-b061-4d06846371a9}" />
      </MissingDependency>
      <MissingDependency>
        <Required key="72" type="2" schemaName="freighttermscode" displayName="Freight Terms" parentSchemaName="quote" parentDisplayName="Quote" solution="msdynce_Sales (9.0.4.0076)" />
        <Dependent key="63" type="60" displayName="Quote" parentDisplayName="Quote" id="{54076a2d-d043-4a1b-b061-4d06846371a9}" />
      </MissingDependency>
      <MissingDependency>
        <Required key="73" type="2" schemaName="parentbundleidref" displayName="Parent bundle product" parentSchemaName="quotedetail" parentDisplayName="Quote Product" solution="msdynce_SalesPatch (9.0.1904.3002)" />
        <Dependent key="63" type="60" displayName="Quote" parentDisplayName="Quote" id="{54076a2d-d043-4a1b-b061-4d06846371a9}" />
      </MissingDependency>
      <MissingDependency>
        <Required key="74" type="2" schemaName="ownerid" displayName="Owner" parentSchemaName="quote" parentDisplayName="Quote" solution="msdynce_Sales (9.0.4.0076)" />
        <Dependent key="63" type="60" displayName="Quote" parentDisplayName="Quote" id="{54076a2d-d043-4a1b-b061-4d06846371a9}" />
      </MissingDependency>
      <MissingDependency>
        <Required key="75" type="2" schemaName="statuscode" displayName="Status Reason" parentSchemaName="quote" parentDisplayName="Quote" solution="msdynce_Sales (9.0.4.0076)" />
        <Dependent key="63" type="60" displayName="Quote" parentDisplayName="Quote" id="{54076a2d-d043-4a1b-b061-4d06846371a9}" />
      </MissingDependency>
      <MissingDependency>
        <Required key="76" type="2" schemaName="discountamount" displayName="Quote Discount Amount" parentSchemaName="quote" parentDisplayName="Quote" solution="msdynce_Sales (9.0.4.0076)" />
        <Dependent key="63" type="60" displayName="Quote" parentDisplayName="Quote" id="{54076a2d-d043-4a1b-b061-4d06846371a9}" />
      </MissingDependency>
      <MissingDependency>
        <Required key="77" type="2" schemaName="freightamount" displayName="Freight Amount" parentSchemaName="quote" parentDisplayName="Quote" solution="msdynce_Sales (9.0.4.0076)" />
        <Dependent key="63" type="60" displayName="Quote" parentDisplayName="Quote" id="{54076a2d-d043-4a1b-b061-4d06846371a9}" />
      </MissingDependency>
      <MissingDependency>
        <Required key="78" type="2" schemaName="revisionnumber" displayName="Revision ID" parentSchemaName="quote" parentDisplayName="Quote" solution="msdynce_Sales (9.0.4.0076)" />
        <Dependent key="63" type="60" displayName="Quote" parentDisplayName="Quote" id="{54076a2d-d043-4a1b-b061-4d06846371a9}" />
      </MissingDependency>
      <MissingDependency>
        <Required key="79" type="2" schemaName="effectiveto" displayName="Effective To" parentSchemaName="quote" parentDisplayName="Quote" solution="msdynce_Sales (9.0.4.0076)" />
        <Dependent key="63" type="60" displayName="Quote" parentDisplayName="Quote" id="{54076a2d-d043-4a1b-b061-4d06846371a9}" />
      </MissingDependency>
      <MissingDependency>
        <Required key="80" type="2" schemaName="shipto_composite" displayName="Ship To Address" parentSchemaName="quote" parentDisplayName="Quote" solution="msdynce_Sales (9.0.4.0076)" />
        <Dependent key="63" type="60" displayName="Quote" parentDisplayName="Quote" id="{54076a2d-d043-4a1b-b061-4d06846371a9}" />
      </MissingDependency>
      <MissingDependency>
        <Required key="81" type="2" schemaName="description" displayName="Description" parentSchemaName="quote" parentDisplayName="Quote" solution="msdynce_Sales (9.0.4.0076)" />
        <Dependent key="63" type="60" displayName="Quote" parentDisplayName="Quote" id="{54076a2d-d043-4a1b-b061-4d06846371a9}" />
      </MissingDependency>
      <MissingDependency>
        <Required key="82" type="2" schemaName="willcall" displayName="Ship To" parentSchemaName="quote" parentDisplayName="Quote" solution="msdynce_Sales (9.0.4.0076)" />
        <Dependent key="63" type="60" displayName="Quote" parentDisplayName="Quote" id="{54076a2d-d043-4a1b-b061-4d06846371a9}" />
      </MissingDependency>
      <MissingDependency>
        <Required key="83" type="2" schemaName="discountpercentage" displayName="Quote Discount (%)" parentSchemaName="quote" parentDisplayName="Quote" solution="msdynce_Sales (9.0.4.0076)" />
        <Dependent key="63" type="60" displayName="Quote" parentDisplayName="Quote" id="{54076a2d-d043-4a1b-b061-4d06846371a9}" />
      </MissingDependency>
      <MissingDependency>
        <Required key="84" type="2" schemaName="totaltax" displayName="Total Tax" parentSchemaName="quote" parentDisplayName="Quote" solution="msdynce_Sales (9.0.4.0076)" />
        <Dependent key="63" type="60" displayName="Quote" parentDisplayName="Quote" id="{54076a2d-d043-4a1b-b061-4d06846371a9}" />
      </MissingDependency>
      <MissingDependency>
        <Required key="85" type="2" schemaName="totalamountlessfreight" displayName="Total Pre-Freight Amount" parentSchemaName="quote" parentDisplayName="Quote" solution="msdynce_Sales (9.0.4.0076)" />
        <Dependent key="63" type="60" displayName="Quote" parentDisplayName="Quote" id="{54076a2d-d043-4a1b-b061-4d06846371a9}" />
      </MissingDependency>
      <MissingDependency>
        <Required key="86" type="2" schemaName="pricelevelid" displayName="Price List" parentSchemaName="quote" parentDisplayName="Quote" solution="msdynce_Sales (9.0.4.0076)" />
        <Dependent key="63" type="60" displayName="Quote" parentDisplayName="Quote" id="{54076a2d-d043-4a1b-b061-4d06846371a9}" />
      </MissingDependency>
      <MissingDependency>
        <Required key="87" type="2" schemaName="paymenttermscode" displayName="Payment Terms" parentSchemaName="quote" parentDisplayName="Quote" solution="msdynce_Sales (9.0.4.0076)" />
        <Dependent key="63" type="60" displayName="Quote" parentDisplayName="Quote" id="{54076a2d-d043-4a1b-b061-4d06846371a9}" />
      </MissingDependency>
      <MissingDependency>
        <Required key="88" type="2" schemaName="customerid" displayName="Potential Customer" parentSchemaName="quote" parentDisplayName="Quote" solution="msdynce_Sales (9.0.4.0076)" />
        <Dependent key="63" type="60" displayName="Quote" parentDisplayName="Quote" id="{54076a2d-d043-4a1b-b061-4d06846371a9}" />
      </MissingDependency>
      <MissingDependency>
        <Required key="89" type="26" schemaName="All Quote Products" displayName="All Quote Products" parentSchemaName="quotedetail" parentDisplayName="Quote Product" solution="msdynce_Sales (9.0.4.0076)" id="{5747576b-5219-4bf0-a1e4-5c94fbf15b60}" />
        <Dependent key="63" type="60" displayName="Quote" parentDisplayName="Quote" id="{54076a2d-d043-4a1b-b061-4d06846371a9}" />
      </MissingDependency>
      <MissingDependency>
        <Required key="90" type="26" schemaName="Quote Product Inline Edit View: Bundle Products" displayName="Quote Product Inline Edit View: Bundle Products" parentSchemaName="quotedetail" parentDisplayName="Quote Product" solution="msdynce_SalesPatch (9.0.1904.3002)" id="{f6b7bacd-ca87-4cce-b4d3-0ff5dc0d43ef}" />
        <Dependent key="63" type="60" displayName="Quote" parentDisplayName="Quote" id="{54076a2d-d043-4a1b-b061-4d06846371a9}" />
      </MissingDependency>
      <MissingDependency>
        <Required key="63" type="60" displayName="Quote" parentDisplayName="Quote" solution="msdynce_Sales (9.0.4.0076)" id="{54076a2d-d043-4a1b-b061-4d06846371a9}" />
        <Dependent key="63" type="60" displayName="Quote" parentDisplayName="Quote" id="{54076a2d-d043-4a1b-b061-4d06846371a9}" />
      </MissingDependency>
      <MissingDependency>
        <Required key="91" type="66" schemaName="MscrmControls.Grid.GridControl" displayName="MscrmControls.Grid.GridControl" solution="BaseCustomControlsCore (9.0.2009.3009)" />
        <Dependent key="63" type="60" displayName="Quote" parentDisplayName="Quote" id="{54076a2d-d043-4a1b-b061-4d06846371a9}" />
      </MissingDependency>
      <MissingDependency>
        <Required key="88" type="2" schemaName="customerid" displayName="Potential Customer" parentSchemaName="quote" parentDisplayName="Quote" solution="msdynce_Sales (9.0.4.0076)" />
        <Dependent key="88" type="2" schemaName="customerid" displayName="Potential Customer" parentSchemaName="quote" parentDisplayName="Quote" />
      </MissingDependency>
      <MissingDependency>
        <Required key="92" type="2" schemaName="manualdiscountamount_base" displayName="Manual Discount (Base)" parentSchemaName="quotedetail" parentDisplayName="Quote Product" solution="msdynce_Sales (9.0.4.0076)" />
        <Dependent key="92" type="2" schemaName="manualdiscountamount_base" displayName="Manual Discount (Base)" parentSchemaName="quotedetail" parentDisplayName="Quote Product" />
      </MissingDependency>
      <MissingDependency>
        <Required key="93" type="2" schemaName="name" displayName="Name" parentSchemaName="quote" parentDisplayName="Quote" solution="msdynce_Sales (9.0.4.0076)" />
        <Dependent key="93" type="2" schemaName="name" displayName="Name" parentSchemaName="quote" parentDisplayName="Quote" />
      </MissingDependency>
      <MissingDependency>
        <Required key="94" type="2" schemaName="manualdiscountamount" displayName="Manual Discount" parentSchemaName="quotedetail" parentDisplayName="Quote Product" solution="msdynce_Sales (9.0.4.0076)" />
        <Dependent key="94" type="2" schemaName="manualdiscountamount" displayName="Manual Discount" parentSchemaName="quotedetail" parentDisplayName="Quote Product" />
      </MissingDependency>
      <MissingDependency>
        <Required key="87" type="2" schemaName="paymenttermscode" displayName="Payment Terms" parentSchemaName="quote" parentDisplayName="Quote" solution="msdynce_Sales (9.0.4.0076)" />
        <Dependent key="87" type="2" schemaName="paymenttermscode" displayName="Payment Terms" parentSchemaName="quote" parentDisplayName="Quote" />
      </MissingDependency>
      <MissingDependency>
        <Required key="86" type="2" schemaName="pricelevelid" displayName="Price List" parentSchemaName="quote" parentDisplayName="Quote" solution="msdynce_Sales (9.0.4.0076)" />
        <Dependent key="86" type="2" schemaName="pricelevelid" displayName="Price List" parentSchemaName="quote" parentDisplayName="Quote" />
      </MissingDependency>
      <MissingDependency>
        <Required key="95" type="2" schemaName="producttypecode" displayName="Product type" parentSchemaName="quotedetail" parentDisplayName="Quote Product" solution="msdynce_Sales (9.0.4.0076)" />
        <Dependent key="96" type="26" schemaName="Hajir Quote Product Inline Edit View: Bundle Products" displayName="Hajir Quote Product Inline Edit View: Bundle Products" parentSchemaName="quotedetail" parentDisplayName="Quote Product" id="{ff61fb33-7458-ef11-95a0-000c2966b678}" />
      </MissingDependency>
      <MissingDependency>
        <Required key="31" type="2" schemaName="quantity" displayName="Quantity" parentSchemaName="quotedetail" parentDisplayName="Quote Product" solution="msdynce_Sales (9.0.4.0076)" />
        <Dependent key="96" type="26" schemaName="Hajir Quote Product Inline Edit View: Bundle Products" displayName="Hajir Quote Product Inline Edit View: Bundle Products" parentSchemaName="quotedetail" parentDisplayName="Quote Product" id="{ff61fb33-7458-ef11-95a0-000c2966b678}" />
      </MissingDependency>
      <MissingDependency>
        <Required key="27" type="2" schemaName="extendedamount" displayName="Extended Amount" parentSchemaName="quotedetail" parentDisplayName="Quote Product" solution="msdynce_Sales (9.0.4.0076)" />
        <Dependent key="96" type="26" schemaName="Hajir Quote Product Inline Edit View: Bundle Products" displayName="Hajir Quote Product Inline Edit View: Bundle Products" parentSchemaName="quotedetail" parentDisplayName="Quote Product" id="{ff61fb33-7458-ef11-95a0-000c2966b678}" />
      </MissingDependency>
      <MissingDependency>
        <Required key="40" type="2" schemaName="uomid" displayName="Unit" parentSchemaName="quotedetail" parentDisplayName="Quote Product" solution="msdynce_Sales (9.0.4.0076)" />
        <Dependent key="96" type="26" schemaName="Hajir Quote Product Inline Edit View: Bundle Products" displayName="Hajir Quote Product Inline Edit View: Bundle Products" parentSchemaName="quotedetail" parentDisplayName="Quote Product" id="{ff61fb33-7458-ef11-95a0-000c2966b678}" />
      </MissingDependency>
      <MissingDependency>
        <Required key="97" type="2" schemaName="quotedetailid" displayName="Quote Product" parentSchemaName="quotedetail" parentDisplayName="Quote Product" solution="msdynce_Sales (9.0.4.0076)" />
        <Dependent key="96" type="26" schemaName="Hajir Quote Product Inline Edit View: Bundle Products" displayName="Hajir Quote Product Inline Edit View: Bundle Products" parentSchemaName="quotedetail" parentDisplayName="Quote Product" id="{ff61fb33-7458-ef11-95a0-000c2966b678}" />
      </MissingDependency>
      <MissingDependency>
        <Required key="35" type="2" schemaName="priceperunit" displayName="Price Per Unit" parentSchemaName="quotedetail" parentDisplayName="Quote Product" solution="msdynce_Sales (9.0.4.0076)" />
        <Dependent key="96" type="26" schemaName="Hajir Quote Product Inline Edit View: Bundle Products" displayName="Hajir Quote Product Inline Edit View: Bundle Products" parentSchemaName="quotedetail" parentDisplayName="Quote Product" id="{ff61fb33-7458-ef11-95a0-000c2966b678}" />
      </MissingDependency>
      <MissingDependency>
        <Required key="36" type="2" schemaName="ispriceoverridden" displayName="Price Overridden" parentSchemaName="quotedetail" parentDisplayName="Quote Product" solution="msdynce_Sales (9.0.4.0076)" />
        <Dependent key="96" type="26" schemaName="Hajir Quote Product Inline Edit View: Bundle Products" displayName="Hajir Quote Product Inline Edit View: Bundle Products" parentSchemaName="quotedetail" parentDisplayName="Quote Product" id="{ff61fb33-7458-ef11-95a0-000c2966b678}" />
      </MissingDependency>
      <MissingDependency>
        <Required key="48" type="2" schemaName="productdescription" displayName="Write-In Product" parentSchemaName="quotedetail" parentDisplayName="Quote Product" solution="msdynce_Sales (9.0.4.0076)" />
        <Dependent key="96" type="26" schemaName="Hajir Quote Product Inline Edit View: Bundle Products" displayName="Hajir Quote Product Inline Edit View: Bundle Products" parentSchemaName="quotedetail" parentDisplayName="Quote Product" id="{ff61fb33-7458-ef11-95a0-000c2966b678}" />
      </MissingDependency>
      <MissingDependency>
        <Required key="98" type="2" schemaName="parentbundleid" displayName="Parent Bundle" parentSchemaName="quotedetail" parentDisplayName="Quote Product" solution="msdynce_Sales (9.0.4.0076)" />
        <Dependent key="96" type="26" schemaName="Hajir Quote Product Inline Edit View: Bundle Products" displayName="Hajir Quote Product Inline Edit View: Bundle Products" parentSchemaName="quotedetail" parentDisplayName="Quote Product" id="{ff61fb33-7458-ef11-95a0-000c2966b678}" />
      </MissingDependency>
      <MissingDependency>
        <Required key="99" type="2" schemaName="sequencenumber" displayName="Sequence Number" parentSchemaName="quotedetail" parentDisplayName="Quote Product" solution="msdynce_Sales (9.0.4.0076)" />
        <Dependent key="96" type="26" schemaName="Hajir Quote Product Inline Edit View: Bundle Products" displayName="Hajir Quote Product Inline Edit View: Bundle Products" parentSchemaName="quotedetail" parentDisplayName="Quote Product" id="{ff61fb33-7458-ef11-95a0-000c2966b678}" />
      </MissingDependency>
      <MissingDependency>
        <Required key="100" type="2" schemaName="productname" displayName="Product Name" parentSchemaName="quotedetail" parentDisplayName="Quote Product" solution="msdynce_Sales (9.0.4.0076)" />
        <Dependent key="96" type="26" schemaName="Hajir Quote Product Inline Edit View: Bundle Products" displayName="Hajir Quote Product Inline Edit View: Bundle Products" parentSchemaName="quotedetail" parentDisplayName="Quote Product" id="{ff61fb33-7458-ef11-95a0-000c2966b678}" />
      </MissingDependency>
      <MissingDependency>
        <Required key="42" type="2" schemaName="propertyconfigurationstatus" displayName="Property Configuration" parentSchemaName="quotedetail" parentDisplayName="Quote Product" solution="msdynce_Sales (9.0.4.0076)" />
        <Dependent key="96" type="26" schemaName="Hajir Quote Product Inline Edit View: Bundle Products" displayName="Hajir Quote Product Inline Edit View: Bundle Products" parentSchemaName="quotedetail" parentDisplayName="Quote Product" id="{ff61fb33-7458-ef11-95a0-000c2966b678}" />
      </MissingDependency>
      <MissingDependency>
        <Required key="46" type="2" schemaName="productid" displayName="Existing Product" parentSchemaName="quotedetail" parentDisplayName="Quote Product" solution="msdynce_Sales (9.0.4.0076)" />
        <Dependent key="96" type="26" schemaName="Hajir Quote Product Inline Edit View: Bundle Products" displayName="Hajir Quote Product Inline Edit View: Bundle Products" parentSchemaName="quotedetail" parentDisplayName="Quote Product" id="{ff61fb33-7458-ef11-95a0-000c2966b678}" />
      </MissingDependency>
      <MissingDependency>
        <Required key="49" type="2" schemaName="isproductoverridden" displayName="Select Product" parentSchemaName="quotedetail" parentDisplayName="Quote Product" solution="msdynce_Sales (9.0.4.0076)" />
        <Dependent key="96" type="26" schemaName="Hajir Quote Product Inline Edit View: Bundle Products" displayName="Hajir Quote Product Inline Edit View: Bundle Products" parentSchemaName="quotedetail" parentDisplayName="Quote Product" id="{ff61fb33-7458-ef11-95a0-000c2966b678}" />
      </MissingDependency>
      <MissingDependency>
        <Required key="101" type="26" schemaName="Quote Product Inline Edit View" displayName="Quote Product Inline Edit View" parentSchemaName="quotedetail" parentDisplayName="Quote Product" solution="msdynce_Sales (9.0.4.0076)" id="{cf23f371-4c2e-44df-bcef-c8971249bbe0}" />
        <Dependent key="101" type="26" schemaName="Quote Product Inline Edit View" displayName="Quote Product Inline Edit View" parentSchemaName="quotedetail" parentDisplayName="Quote Product" id="{cf23f371-4c2e-44df-bcef-c8971249bbe0}" />
      </MissingDependency>
    </MissingDependencies>
  </SolutionManifest>
</ImportExportXml>