<ImportExportXml version="9.1.1.914" SolutionPackageVersion="9.1" languagecode="1033" generatedBy="OnPremise" xmlns:xsi="http://www.w3.org/2001/XMLSchema-instance">
  <SolutionManifest>
    <UniqueName>HajirSales</UniqueName>
    <LocalizedNames>
      <LocalizedName description="Hajir Sales" languagecode="1033" />
    </LocalizedNames>
    <Descriptions />
    <Version>1.0.1</Version>
    <Managed>0</Managed>
    <Publisher>
      <UniqueName>hajirsanat</UniqueName>
      <LocalizedNames>
        <LocalizedName description="Hajir Sanat" languagecode="1033" />
      </LocalizedNames>
      <Descriptions />
      <EMailAddress xsi:nil="true"></EMailAddress>
      <SupportingWebsiteUrl xsi:nil="true"></SupportingWebsiteUrl>
      <CustomizationPrefix>hajir</CustomizationPrefix>
      <CustomizationOptionValuePrefix>20150</CustomizationOptionValuePrefix>
      <Addresses>
        <Address>
          <AddressNumber>1</AddressNumber>
          <AddressTypeCode>1</AddressTypeCode>
          <City xsi:nil="true"></City>
          <County xsi:nil="true"></County>
          <Country xsi:nil="true"></Country>
          <Fax xsi:nil="true"></Fax>
          <FreightTermsCode xsi:nil="true"></FreightTermsCode>
          <ImportSequenceNumber xsi:nil="true"></ImportSequenceNumber>
          <Latitude xsi:nil="true"></Latitude>
          <Line1 xsi:nil="true"></Line1>
          <Line2 xsi:nil="true"></Line2>
          <Line3 xsi:nil="true"></Line3>
          <Longitude xsi:nil="true"></Longitude>
          <Name xsi:nil="true"></Name>
          <PostalCode xsi:nil="true"></PostalCode>
          <PostOfficeBox xsi:nil="true"></PostOfficeBox>
          <PrimaryContactName xsi:nil="true"></PrimaryContactName>
          <ShippingMethodCode>1</ShippingMethodCode>
          <StateOrProvince xsi:nil="true"></StateOrProvince>
          <Telephone1 xsi:nil="true"></Telephone1>
          <Telephone2 xsi:nil="true"></Telephone2>
          <Telephone3 xsi:nil="true"></Telephone3>
          <TimeZoneRuleVersionNumber xsi:nil="true"></TimeZoneRuleVersionNumber>
          <UPSZone xsi:nil="true"></UPSZone>
          <UTCOffset xsi:nil="true"></UTCOffset>
          <UTCConversionTimeZoneCode xsi:nil="true"></UTCConversionTimeZoneCode>
        </Address>
        <Address>
          <AddressNumber>2</AddressNumber>
          <AddressTypeCode>1</AddressTypeCode>
          <City xsi:nil="true"></City>
          <County xsi:nil="true"></County>
          <Country xsi:nil="true"></Country>
          <Fax xsi:nil="true"></Fax>
          <FreightTermsCode xsi:nil="true"></FreightTermsCode>
          <ImportSequenceNumber xsi:nil="true"></ImportSequenceNumber>
          <Latitude xsi:nil="true"></Latitude>
          <Line1 xsi:nil="true"></Line1>
          <Line2 xsi:nil="true"></Line2>
          <Line3 xsi:nil="true"></Line3>
          <Longitude xsi:nil="true"></Longitude>
          <Name xsi:nil="true"></Name>
          <PostalCode xsi:nil="true"></PostalCode>
          <PostOfficeBox xsi:nil="true"></PostOfficeBox>
          <PrimaryContactName xsi:nil="true"></PrimaryContactName>
          <ShippingMethodCode>1</ShippingMethodCode>
          <StateOrProvince xsi:nil="true"></StateOrProvince>
          <Telephone1 xsi:nil="true"></Telephone1>
          <Telephone2 xsi:nil="true"></Telephone2>
          <Telephone3 xsi:nil="true"></Telephone3>
          <TimeZoneRuleVersionNumber xsi:nil="true"></TimeZoneRuleVersionNumber>
          <UPSZone xsi:nil="true"></UPSZone>
          <UTCOffset xsi:nil="true"></UTCOffset>
          <UTCConversionTimeZoneCode xsi:nil="true"></UTCConversionTimeZoneCode>
        </Address>
      </Addresses>
    </Publisher>
    <RootComponents>
      <RootComponent type="1" schemaName="account" behavior="2" />
      <RootComponent type="1" schemaName="contact" behavior="2" />
      <RootComponent type="1" schemaName="hajir_city" behavior="0" />
      <RootComponent type="1" schemaName="hajir_country" behavior="0" />
      <RootComponent type="1" schemaName="hajir_province" behavior="0" />
      <RootComponent type="1" schemaName="quote" behavior="2" />
      <RootComponent type="1" schemaName="quotedetail" behavior="2" />
      <RootComponent type="60" id="{1ff13845-48d3-4744-bc69-43b691931a6e}" />
      <RootComponent type="60" id="{23c6afa3-e735-4814-860c-ceb71f430742}" behavior="0" />
      <RootComponent type="60" id="{4cf570a4-b6c2-4558-a5ab-7605803b5e6d}" behavior="0" />
      <RootComponent type="61" schemaName="hajir_BlazorXrmFrame" behavior="0" />
    </RootComponents>
    <MissingDependencies>
      <MissingDependency>
        <Required key="0" type="1" schemaName="quotedetail" displayName="Quote Product" solution="msdynce_Sales (9.0.4.0076)" />
        <Dependent key="0" type="1" schemaName="quotedetail" displayName="Quote Product" />
      </MissingDependency>
      <MissingDependency>
        <Required key="1" type="1" schemaName="quote" displayName="Quote" solution="msdynce_Sales (9.0.4.0076)" />
        <Dependent key="1" type="1" schemaName="quote" displayName="Quote" />
      </MissingDependency>
      <MissingDependency>
        <Required key="2" type="2" schemaName="revisionnumber" displayName="Revision ID" parentSchemaName="quote" parentDisplayName="Quote" solution="msdynce_Sales (9.0.4.0076)" />
        <Dependent key="3" type="60" displayName="Hajir Form" parentDisplayName="Quote" id="{23c6afa3-e735-4814-860c-ceb71f430742}" />
      </MissingDependency>
      <MissingDependency>
        <Required key="4" type="2" schemaName="expireson" displayName="Due By" parentSchemaName="quote" parentDisplayName="Quote" solution="msdynce_Sales (9.0.4.0076)" />
        <Dependent key="3" type="60" displayName="Hajir Form" parentDisplayName="Quote" id="{23c6afa3-e735-4814-860c-ceb71f430742}" />
      </MissingDependency>
      <MissingDependency>
        <Required key="5" type="2" schemaName="createdon" displayName="Created On" parentSchemaName="quote" parentDisplayName="Quote" solution="msdynce_Sales (9.0.4.0076)" />
        <Dependent key="3" type="60" displayName="Hajir Form" parentDisplayName="Quote" id="{23c6afa3-e735-4814-860c-ceb71f430742}" />
      </MissingDependency>
      <MissingDependency>
        <Required key="6" type="2" schemaName="totaltax" displayName="Total Tax" parentSchemaName="quote" parentDisplayName="Quote" solution="msdynce_Sales (9.0.4.0076)" />
        <Dependent key="3" type="60" displayName="Hajir Form" parentDisplayName="Quote" id="{23c6afa3-e735-4814-860c-ceb71f430742}" />
      </MissingDependency>
      <MissingDependency>
        <Required key="7" type="2" schemaName="shipto_composite" displayName="Ship To Address" parentSchemaName="quote" parentDisplayName="Quote" solution="msdynce_Sales (9.0.4.0076)" />
        <Dependent key="3" type="60" displayName="Hajir Form" parentDisplayName="Quote" id="{23c6afa3-e735-4814-860c-ceb71f430742}" />
      </MissingDependency>
      <MissingDependency>
        <Required key="8" type="2" schemaName="billto_composite" displayName="Bill To Address" parentSchemaName="quote" parentDisplayName="Quote" solution="msdynce_Sales (9.0.4.0076)" />
        <Dependent key="3" type="60" displayName="Hajir Form" parentDisplayName="Quote" id="{23c6afa3-e735-4814-860c-ceb71f430742}" />
      </MissingDependency>
      <MissingDependency>
        <Required key="9" type="2" schemaName="discountpercentage" displayName="Quote Discount (%)" parentSchemaName="quote" parentDisplayName="Quote" solution="msdynce_Sales (9.0.4.0076)" />
        <Dependent key="3" type="60" displayName="Hajir Form" parentDisplayName="Quote" id="{23c6afa3-e735-4814-860c-ceb71f430742}" />
      </MissingDependency>
      <MissingDependency>
        <Required key="10" type="2" schemaName="quotenumber" displayName="Quote ID" parentSchemaName="quote" parentDisplayName="Quote" solution="msdynce_Sales (9.0.4.0076)" />
        <Dependent key="3" type="60" displayName="Hajir Form" parentDisplayName="Quote" id="{23c6afa3-e735-4814-860c-ceb71f430742}" />
      </MissingDependency>
      <MissingDependency>
        <Required key="11" type="2" schemaName="freightamount" displayName="Freight Amount" parentSchemaName="quote" parentDisplayName="Quote" solution="msdynce_Sales (9.0.4.0076)" />
        <Dependent key="3" type="60" displayName="Hajir Form" parentDisplayName="Quote" id="{23c6afa3-e735-4814-860c-ceb71f430742}" />
      </MissingDependency>
      <MissingDependency>
        <Required key="12" type="2" schemaName="effectivefrom" displayName="Effective From" parentSchemaName="quote" parentDisplayName="Quote" solution="msdynce_Sales (9.0.4.0076)" />
        <Dependent key="3" type="60" displayName="Hajir Form" parentDisplayName="Quote" id="{23c6afa3-e735-4814-860c-ceb71f430742}" />
      </MissingDependency>
      <MissingDependency>
        <Required key="13" type="2" schemaName="description" displayName="Description" parentSchemaName="quote" parentDisplayName="Quote" solution="msdynce_Sales (9.0.4.0076)" />
        <Dependent key="3" type="60" displayName="Hajir Form" parentDisplayName="Quote" id="{23c6afa3-e735-4814-860c-ceb71f430742}" />
      </MissingDependency>
      <MissingDependency>
        <Required key="14" type="2" schemaName="customerid" displayName="Potential Customer" parentSchemaName="quote" parentDisplayName="Quote" solution="msdynce_Sales (9.0.4.0076)" />
        <Dependent key="3" type="60" displayName="Hajir Form" parentDisplayName="Quote" id="{23c6afa3-e735-4814-860c-ceb71f430742}" />
      </MissingDependency>
      <MissingDependency>
        <Required key="15" type="2" schemaName="opportunityid" displayName="Opportunity" parentSchemaName="quote" parentDisplayName="Quote" solution="msdynce_Sales (9.0.4.0076)" />
        <Dependent key="3" type="60" displayName="Hajir Form" parentDisplayName="Quote" id="{23c6afa3-e735-4814-860c-ceb71f430742}" />
      </MissingDependency>
      <MissingDependency>
        <Required key="16" type="2" schemaName="totalamount" displayName="Total Amount" parentSchemaName="quote" parentDisplayName="Quote" solution="msdynce_Sales (9.0.4.0076)" />
        <Dependent key="3" type="60" displayName="Hajir Form" parentDisplayName="Quote" id="{23c6afa3-e735-4814-860c-ceb71f430742}" />
      </MissingDependency>
      <MissingDependency>
        <Required key="17" type="2" schemaName="discountamount" displayName="Quote Discount Amount" parentSchemaName="quote" parentDisplayName="Quote" solution="msdynce_Sales (9.0.4.0076)" />
        <Dependent key="3" type="60" displayName="Hajir Form" parentDisplayName="Quote" id="{23c6afa3-e735-4814-860c-ceb71f430742}" />
      </MissingDependency>
      <MissingDependency>
        <Required key="18" type="2" schemaName="willcall" displayName="Ship To" parentSchemaName="quote" parentDisplayName="Quote" solution="msdynce_Sales (9.0.4.0076)" />
        <Dependent key="3" type="60" displayName="Hajir Form" parentDisplayName="Quote" id="{23c6afa3-e735-4814-860c-ceb71f430742}" />
      </MissingDependency>
      <MissingDependency>
        <Required key="19" type="2" schemaName="statuscode" displayName="Status Reason" parentSchemaName="quote" parentDisplayName="Quote" solution="msdynce_Sales (9.0.4.0076)" />
        <Dependent key="3" type="60" displayName="Hajir Form" parentDisplayName="Quote" id="{23c6afa3-e735-4814-860c-ceb71f430742}" />
      </MissingDependency>
      <MissingDependency>
        <Required key="20" type="2" schemaName="transactioncurrencyid" displayName="Currency" parentSchemaName="quote" parentDisplayName="Quote" solution="msdynce_Sales (9.0.4.0076)" />
        <Dependent key="3" type="60" displayName="Hajir Form" parentDisplayName="Quote" id="{23c6afa3-e735-4814-860c-ceb71f430742}" />
      </MissingDependency>
      <MissingDependency>
        <Required key="21" type="2" schemaName="totalamountlessfreight" displayName="Total Pre-Freight Amount" parentSchemaName="quote" parentDisplayName="Quote" solution="msdynce_Sales (9.0.4.0076)" />
        <Dependent key="3" type="60" displayName="Hajir Form" parentDisplayName="Quote" id="{23c6afa3-e735-4814-860c-ceb71f430742}" />
      </MissingDependency>
      <MissingDependency>
        <Required key="22" type="2" schemaName="shippingmethodcode" displayName="Shipping Method" parentSchemaName="quote" parentDisplayName="Quote" solution="msdynce_Sales (9.0.4.0076)" />
        <Dependent key="3" type="60" displayName="Hajir Form" parentDisplayName="Quote" id="{23c6afa3-e735-4814-860c-ceb71f430742}" />
      </MissingDependency>
      <MissingDependency>
        <Required key="23" type="2" schemaName="totallineitemamount" displayName="Total Detail Amount" parentSchemaName="quote" parentDisplayName="Quote" solution="msdynce_Sales (9.0.4.0076)" />
        <Dependent key="3" type="60" displayName="Hajir Form" parentDisplayName="Quote" id="{23c6afa3-e735-4814-860c-ceb71f430742}" />
      </MissingDependency>
      <MissingDependency>
        <Required key="24" type="2" schemaName="ownerid" displayName="Owner" parentSchemaName="quote" parentDisplayName="Quote" solution="msdynce_Sales (9.0.4.0076)" />
        <Dependent key="3" type="60" displayName="Hajir Form" parentDisplayName="Quote" id="{23c6afa3-e735-4814-860c-ceb71f430742}" />
      </MissingDependency>
      <MissingDependency>
        <Required key="25" type="2" schemaName="freighttermscode" displayName="Freight Terms" parentSchemaName="quote" parentDisplayName="Quote" solution="msdynce_Sales (9.0.4.0076)" />
        <Dependent key="3" type="60" displayName="Hajir Form" parentDisplayName="Quote" id="{23c6afa3-e735-4814-860c-ceb71f430742}" />
      </MissingDependency>
      <MissingDependency>
        <Required key="26" type="2" schemaName="effectiveto" displayName="Effective To" parentSchemaName="quote" parentDisplayName="Quote" solution="msdynce_Sales (9.0.4.0076)" />
        <Dependent key="3" type="60" displayName="Hajir Form" parentDisplayName="Quote" id="{23c6afa3-e735-4814-860c-ceb71f430742}" />
      </MissingDependency>
      <MissingDependency>
        <Required key="27" type="2" schemaName="pricelevelid" displayName="Price List" parentSchemaName="quote" parentDisplayName="Quote" solution="msdynce_Sales (9.0.4.0076)" />
        <Dependent key="3" type="60" displayName="Hajir Form" parentDisplayName="Quote" id="{23c6afa3-e735-4814-860c-ceb71f430742}" />
      </MissingDependency>
      <MissingDependency>
        <Required key="28" type="2" schemaName="paymenttermscode" displayName="Payment Terms" parentSchemaName="quote" parentDisplayName="Quote" solution="msdynce_Sales (9.0.4.0076)" />
        <Dependent key="3" type="60" displayName="Hajir Form" parentDisplayName="Quote" id="{23c6afa3-e735-4814-860c-ceb71f430742}" />
      </MissingDependency>
      <MissingDependency>
        <Required key="29" type="26" schemaName="All Quote Products" displayName="All Quote Products" parentSchemaName="quotedetail" parentDisplayName="Quote Product" solution="msdynce_Sales (9.0.4.0076)" id="{5747576b-5219-4bf0-a1e4-5c94fbf15b60}" />
        <Dependent key="3" type="60" displayName="Hajir Form" parentDisplayName="Quote" id="{23c6afa3-e735-4814-860c-ceb71f430742}" />
      </MissingDependency>
      <MissingDependency>
        <Required key="30" type="2" schemaName="extendedamount" displayName="Extended Amount" parentSchemaName="quotedetail" parentDisplayName="Quote Product" solution="msdynce_Sales (9.0.4.0076)" />
        <Dependent key="31" type="60" displayName="Information" parentDisplayName="Quote Product" id="{1ff13845-48d3-4744-bc69-43b691931a6e}" />
      </MissingDependency>
      <MissingDependency>
        <Required key="32" type="2" schemaName="shipto_line2" displayName="Ship To Street 2" parentSchemaName="quotedetail" parentDisplayName="Quote Product" solution="msdynce_Sales (9.0.4.0076)" />
        <Dependent key="31" type="60" displayName="Information" parentDisplayName="Quote Product" id="{1ff13845-48d3-4744-bc69-43b691931a6e}" />
      </MissingDependency>
      <MissingDependency>
        <Required key="33" type="2" schemaName="requestdeliveryby" displayName="Requested Delivery Date" parentSchemaName="quotedetail" parentDisplayName="Quote Product" solution="msdynce_Sales (9.0.4.0076)" />
        <Dependent key="31" type="60" displayName="Information" parentDisplayName="Quote Product" id="{1ff13845-48d3-4744-bc69-43b691931a6e}" />
      </MissingDependency>
      <MissingDependency>
        <Required key="34" type="2" schemaName="quantity" displayName="Quantity" parentSchemaName="quotedetail" parentDisplayName="Quote Product" solution="msdynce_Sales (9.0.4.0076)" />
        <Dependent key="31" type="60" displayName="Information" parentDisplayName="Quote Product" id="{1ff13845-48d3-4744-bc69-43b691931a6e}" />
      </MissingDependency>
      <MissingDependency>
        <Required key="35" type="2" schemaName="willcall" displayName="Ship To" parentSchemaName="quotedetail" parentDisplayName="Quote Product" solution="msdynce_Sales (9.0.4.0076)" />
        <Dependent key="31" type="60" displayName="Information" parentDisplayName="Quote Product" id="{1ff13845-48d3-4744-bc69-43b691931a6e}" />
      </MissingDependency>
      <MissingDependency>
        <Required key="36" type="2" schemaName="manualdiscountamount" displayName="Manual Discount" parentSchemaName="quotedetail" parentDisplayName="Quote Product" solution="msdynce_Sales (9.0.4.0076)" />
        <Dependent key="31" type="60" displayName="Information" parentDisplayName="Quote Product" id="{1ff13845-48d3-4744-bc69-43b691931a6e}" />
      </MissingDependency>
      <MissingDependency>
        <Required key="37" type="2" schemaName="uomid" displayName="Unit" parentSchemaName="quotedetail" parentDisplayName="Quote Product" solution="msdynce_Sales (9.0.4.0076)" />
        <Dependent key="31" type="60" displayName="Information" parentDisplayName="Quote Product" id="{1ff13845-48d3-4744-bc69-43b691931a6e}" />
      </MissingDependency>
      <MissingDependency>
        <Required key="38" type="2" schemaName="shipto_country" displayName="Ship To Country/Region" parentSchemaName="quotedetail" parentDisplayName="Quote Product" solution="msdynce_Sales (9.0.4.0076)" />
        <Dependent key="31" type="60" displayName="Information" parentDisplayName="Quote Product" id="{1ff13845-48d3-4744-bc69-43b691931a6e}" />
      </MissingDependency>
      <MissingDependency>
        <Required key="39" type="2" schemaName="propertyconfigurationstatus" displayName="Property Configuration" parentSchemaName="quotedetail" parentDisplayName="Quote Product" solution="msdynce_Sales (9.0.4.0076)" />
        <Dependent key="31" type="60" displayName="Information" parentDisplayName="Quote Product" id="{1ff13845-48d3-4744-bc69-43b691931a6e}" />
      </MissingDependency>
      <MissingDependency>
        <Required key="40" type="2" schemaName="baseamount" displayName="Amount" parentSchemaName="quotedetail" parentDisplayName="Quote Product" solution="msdynce_Sales (9.0.4.0076)" />
        <Dependent key="31" type="60" displayName="Information" parentDisplayName="Quote Product" id="{1ff13845-48d3-4744-bc69-43b691931a6e}" />
      </MissingDependency>
      <MissingDependency>
        <Required key="41" type="2" schemaName="shipto_telephone" displayName="Ship To Phone" parentSchemaName="quotedetail" parentDisplayName="Quote Product" solution="msdynce_Sales (9.0.4.0076)" />
        <Dependent key="31" type="60" displayName="Information" parentDisplayName="Quote Product" id="{1ff13845-48d3-4744-bc69-43b691931a6e}" />
      </MissingDependency>
      <MissingDependency>
        <Required key="42" type="2" schemaName="shipto_postalcode" displayName="Ship To ZIP/Postal Code" parentSchemaName="quotedetail" parentDisplayName="Quote Product" solution="msdynce_Sales (9.0.4.0076)" />
        <Dependent key="31" type="60" displayName="Information" parentDisplayName="Quote Product" id="{1ff13845-48d3-4744-bc69-43b691931a6e}" />
      </MissingDependency>
      <MissingDependency>
        <Required key="43" type="2" schemaName="productid" displayName="Existing Product" parentSchemaName="quotedetail" parentDisplayName="Quote Product" solution="msdynce_Sales (9.0.4.0076)" />
        <Dependent key="31" type="60" displayName="Information" parentDisplayName="Quote Product" id="{1ff13845-48d3-4744-bc69-43b691931a6e}" />
      </MissingDependency>
      <MissingDependency>
        <Required key="44" type="2" schemaName="shipto_stateorprovince" displayName="Ship To State/Province" parentSchemaName="quotedetail" parentDisplayName="Quote Product" solution="msdynce_Sales (9.0.4.0076)" />
        <Dependent key="31" type="60" displayName="Information" parentDisplayName="Quote Product" id="{1ff13845-48d3-4744-bc69-43b691931a6e}" />
      </MissingDependency>
      <MissingDependency>
        <Required key="45" type="2" schemaName="productdescription" displayName="Write-In Product" parentSchemaName="quotedetail" parentDisplayName="Quote Product" solution="msdynce_Sales (9.0.4.0076)" />
        <Dependent key="31" type="60" displayName="Information" parentDisplayName="Quote Product" id="{1ff13845-48d3-4744-bc69-43b691931a6e}" />
      </MissingDependency>
      <MissingDependency>
        <Required key="46" type="2" schemaName="isproductoverridden" displayName="Select Product" parentSchemaName="quotedetail" parentDisplayName="Quote Product" solution="msdynce_Sales (9.0.4.0076)" />
        <Dependent key="31" type="60" displayName="Information" parentDisplayName="Quote Product" id="{1ff13845-48d3-4744-bc69-43b691931a6e}" />
      </MissingDependency>
      <MissingDependency>
        <Required key="47" type="2" schemaName="salesrepid" displayName="Salesperson" parentSchemaName="quotedetail" parentDisplayName="Quote Product" solution="msdynce_Sales (9.0.4.0076)" />
        <Dependent key="31" type="60" displayName="Information" parentDisplayName="Quote Product" id="{1ff13845-48d3-4744-bc69-43b691931a6e}" />
      </MissingDependency>
      <MissingDependency>
        <Required key="48" type="2" schemaName="shipto_line3" displayName="Ship To Street 3" parentSchemaName="quotedetail" parentDisplayName="Quote Product" solution="msdynce_Sales (9.0.4.0076)" />
        <Dependent key="31" type="60" displayName="Information" parentDisplayName="Quote Product" id="{1ff13845-48d3-4744-bc69-43b691931a6e}" />
      </MissingDependency>
      <MissingDependency>
        <Required key="49" type="2" schemaName="shipto_name" displayName="Ship To Name" parentSchemaName="quotedetail" parentDisplayName="Quote Product" solution="msdynce_Sales (9.0.4.0076)" />
        <Dependent key="31" type="60" displayName="Information" parentDisplayName="Quote Product" id="{1ff13845-48d3-4744-bc69-43b691931a6e}" />
      </MissingDependency>
      <MissingDependency>
        <Required key="50" type="2" schemaName="tax" displayName="Tax" parentSchemaName="quotedetail" parentDisplayName="Quote Product" solution="msdynce_Sales (9.0.4.0076)" />
        <Dependent key="31" type="60" displayName="Information" parentDisplayName="Quote Product" id="{1ff13845-48d3-4744-bc69-43b691931a6e}" />
      </MissingDependency>
      <MissingDependency>
        <Required key="51" type="2" schemaName="shipto_line1" displayName="Ship To Street 1" parentSchemaName="quotedetail" parentDisplayName="Quote Product" solution="msdynce_Sales (9.0.4.0076)" />
        <Dependent key="31" type="60" displayName="Information" parentDisplayName="Quote Product" id="{1ff13845-48d3-4744-bc69-43b691931a6e}" />
      </MissingDependency>
      <MissingDependency>
        <Required key="52" type="2" schemaName="shipto_contactname" displayName="Ship To Contact Name" parentSchemaName="quotedetail" parentDisplayName="Quote Product" solution="msdynce_Sales (9.0.4.0076)" />
        <Dependent key="31" type="60" displayName="Information" parentDisplayName="Quote Product" id="{1ff13845-48d3-4744-bc69-43b691931a6e}" />
      </MissingDependency>
      <MissingDependency>
        <Required key="53" type="2" schemaName="shipto_city" displayName="Ship To City" parentSchemaName="quotedetail" parentDisplayName="Quote Product" solution="msdynce_Sales (9.0.4.0076)" />
        <Dependent key="31" type="60" displayName="Information" parentDisplayName="Quote Product" id="{1ff13845-48d3-4744-bc69-43b691931a6e}" />
      </MissingDependency>
      <MissingDependency>
        <Required key="54" type="2" schemaName="priceperunit" displayName="Price Per Unit" parentSchemaName="quotedetail" parentDisplayName="Quote Product" solution="msdynce_Sales (9.0.4.0076)" />
        <Dependent key="31" type="60" displayName="Information" parentDisplayName="Quote Product" id="{1ff13845-48d3-4744-bc69-43b691931a6e}" />
      </MissingDependency>
      <MissingDependency>
        <Required key="55" type="2" schemaName="ispriceoverridden" displayName="Price Overridden" parentSchemaName="quotedetail" parentDisplayName="Quote Product" solution="msdynce_Sales (9.0.4.0076)" />
        <Dependent key="31" type="60" displayName="Information" parentDisplayName="Quote Product" id="{1ff13845-48d3-4744-bc69-43b691931a6e}" />
      </MissingDependency>
      <MissingDependency>
        <Required key="56" type="2" schemaName="shipto_freighttermscode" displayName="Freight Terms" parentSchemaName="quotedetail" parentDisplayName="Quote Product" solution="msdynce_Sales (9.0.4.0076)" />
        <Dependent key="31" type="60" displayName="Information" parentDisplayName="Quote Product" id="{1ff13845-48d3-4744-bc69-43b691931a6e}" />
      </MissingDependency>
      <MissingDependency>
        <Required key="57" type="2" schemaName="volumediscountamount" displayName="Volume Discount" parentSchemaName="quotedetail" parentDisplayName="Quote Product" solution="msdynce_Sales (9.0.4.0076)" />
        <Dependent key="31" type="60" displayName="Information" parentDisplayName="Quote Product" id="{1ff13845-48d3-4744-bc69-43b691931a6e}" />
      </MissingDependency>
      <MissingDependency>
        <Required key="58" type="2" schemaName="shipto_fax" displayName="Ship To Fax" parentSchemaName="quotedetail" parentDisplayName="Quote Product" solution="msdynce_Sales (9.0.4.0076)" />
        <Dependent key="31" type="60" displayName="Information" parentDisplayName="Quote Product" id="{1ff13845-48d3-4744-bc69-43b691931a6e}" />
      </MissingDependency>
      <MissingDependency>
        <Required key="59" type="26" schemaName="Products in Parent Price List" displayName="Products in Parent Price List" parentSchemaName="product" parentDisplayName="Product" solution="msdynce_ProductManagement (9.0.4.0066)" id="{bcc509ee-1444-4a95-aed2-128efd85ffd5}" />
        <Dependent key="31" type="60" displayName="Information" parentDisplayName="Quote Product" id="{1ff13845-48d3-4744-bc69-43b691931a6e}" />
      </MissingDependency>
      <MissingDependency>
        <Required key="60" type="26" schemaName="Active Product Bundles" displayName="Active Product Bundles" parentSchemaName="product" parentDisplayName="Product" solution="msdynce_ProductManagement (9.0.4.0066)" id="{06377234-f167-47e7-bd5e-f7cc61b82f99}" />
        <Dependent key="31" type="60" displayName="Information" parentDisplayName="Quote Product" id="{1ff13845-48d3-4744-bc69-43b691931a6e}" />
      </MissingDependency>
      <MissingDependency>
        <Required key="61" type="26" schemaName="Products With Price List" displayName="Products With Price List" parentSchemaName="product" parentDisplayName="Product" solution="msdynce_ProductManagement (9.0.4.0066)" id="{6abca607-018d-4042-a8a7-56a6a1190483}" />
        <Dependent key="31" type="60" displayName="Information" parentDisplayName="Quote Product" id="{1ff13845-48d3-4744-bc69-43b691931a6e}" />
      </MissingDependency>
      <MissingDependency>
        <Required key="62" type="26" schemaName="Unit Group Units By Product Price Level" displayName="Unit Group Units By Product Price Level" parentSchemaName="uom" parentDisplayName="Unit" solution="msdynce_ProductManagement (9.0.4.0066)" id="{26ff4574-e5b3-468d-b879-8bb27225d70b}" />
        <Dependent key="31" type="60" displayName="Information" parentDisplayName="Quote Product" id="{1ff13845-48d3-4744-bc69-43b691931a6e}" />
      </MissingDependency>
      <MissingDependency>
        <Required key="63" type="26" schemaName="Product Lookup View" displayName="Product Lookup View" parentSchemaName="product" parentDisplayName="Product" solution="msdynce_ProductManagement (9.0.4.0066)" id="{8ba625b2-6a2a-4735-bab2-0c74ae8442a4}" />
        <Dependent key="31" type="60" displayName="Information" parentDisplayName="Quote Product" id="{1ff13845-48d3-4744-bc69-43b691931a6e}" />
      </MissingDependency>
      <MissingDependency>
        <Required key="31" type="60" displayName="Information" parentDisplayName="Quote Product" solution="msdynce_Sales (9.0.4.0076)" id="{1ff13845-48d3-4744-bc69-43b691931a6e}" />
        <Dependent key="31" type="60" displayName="Information" parentDisplayName="Quote Product" id="{1ff13845-48d3-4744-bc69-43b691931a6e}" />
      </MissingDependency>
      <MissingDependency>
        <Required key="64" type="66" schemaName="MscrmControls.FlipSwitch.FlipSwitchControl" displayName="MscrmControls.FlipSwitch.FlipSwitchControl" solution="CustomControlsCore (9.1.0001.0914)" />
        <Dependent key="31" type="60" displayName="Information" parentDisplayName="Quote Product" id="{1ff13845-48d3-4744-bc69-43b691931a6e}" />
      </MissingDependency>
      <MissingDependency>
        <Required key="65" type="66" schemaName="MscrmControls.EditProperties.EditPropertiesControl" displayName="MscrmControls.EditProperties.EditPropertiesControl" solution="msdynce_AppCommon (9.0.4.0066)" />
        <Dependent key="31" type="60" displayName="Information" parentDisplayName="Quote Product" id="{1ff13845-48d3-4744-bc69-43b691931a6e}" />
      </MissingDependency>
      <MissingDependency>
        <Required key="66" type="2" schemaName="name" displayName="Name" parentSchemaName="quote" parentDisplayName="Quote" solution="msdynce_Sales (9.0.4.0076)" />
        <Dependent key="66" type="2" schemaName="name" displayName="Name" parentSchemaName="quote" parentDisplayName="Quote" />
      </MissingDependency>
      <MissingDependency>
        <Required key="28" type="2" schemaName="paymenttermscode" displayName="Payment Terms" parentSchemaName="quote" parentDisplayName="Quote" solution="msdynce_Sales (9.0.4.0076)" />
        <Dependent key="28" type="2" schemaName="paymenttermscode" displayName="Payment Terms" parentSchemaName="quote" parentDisplayName="Quote" />
      </MissingDependency>
      <MissingDependency>
        <Required key="27" type="2" schemaName="pricelevelid" displayName="Price List" parentSchemaName="quote" parentDisplayName="Quote" solution="msdynce_Sales (9.0.4.0076)" />
        <Dependent key="27" type="2" schemaName="pricelevelid" displayName="Price List" parentSchemaName="quote" parentDisplayName="Quote" />
      </MissingDependency>
      <MissingDependency>
        <Required key="67" type="2" schemaName="customeridname" parentSchemaName="quote" parentDisplayName="Quote" solution="Active" />
        <Dependent key="14" type="2" schemaName="customerid" displayName="Potential Customer" parentSchemaName="quote" parentDisplayName="Quote" />
      </MissingDependency>
      <MissingDependency>
        <Required key="14" type="2" schemaName="customerid" displayName="Potential Customer" parentSchemaName="quote" parentDisplayName="Quote" solution="msdynce_Sales (9.0.4.0076)" />
        <Dependent key="14" type="2" schemaName="customerid" displayName="Potential Customer" parentSchemaName="quote" parentDisplayName="Quote" />
      </MissingDependency>
      <MissingDependency>
        <Required key="68" type="2" schemaName="producttypecode" displayName="Product type" parentSchemaName="quotedetail" parentDisplayName="Quote Product" solution="msdynce_Sales (9.0.4.0076)" />
        <Dependent key="69" type="26" schemaName="Hajir Quote Product Inline Edit View: Bundle Products" displayName="Hajir Quote Product Inline Edit View: Bundle Products" parentSchemaName="quotedetail" parentDisplayName="Quote Product" id="{ff61fb33-7458-ef11-95a0-000c2966b678}" />
      </MissingDependency>
      <MissingDependency>
        <Required key="34" type="2" schemaName="quantity" displayName="Quantity" parentSchemaName="quotedetail" parentDisplayName="Quote Product" solution="msdynce_Sales (9.0.4.0076)" />
        <Dependent key="69" type="26" schemaName="Hajir Quote Product Inline Edit View: Bundle Products" displayName="Hajir Quote Product Inline Edit View: Bundle Products" parentSchemaName="quotedetail" parentDisplayName="Quote Product" id="{ff61fb33-7458-ef11-95a0-000c2966b678}" />
      </MissingDependency>
      <MissingDependency>
        <Required key="30" type="2" schemaName="extendedamount" displayName="Extended Amount" parentSchemaName="quotedetail" parentDisplayName="Quote Product" solution="msdynce_Sales (9.0.4.0076)" />
        <Dependent key="69" type="26" schemaName="Hajir Quote Product Inline Edit View: Bundle Products" displayName="Hajir Quote Product Inline Edit View: Bundle Products" parentSchemaName="quotedetail" parentDisplayName="Quote Product" id="{ff61fb33-7458-ef11-95a0-000c2966b678}" />
      </MissingDependency>
      <MissingDependency>
        <Required key="37" type="2" schemaName="uomid" displayName="Unit" parentSchemaName="quotedetail" parentDisplayName="Quote Product" solution="msdynce_Sales (9.0.4.0076)" />
        <Dependent key="69" type="26" schemaName="Hajir Quote Product Inline Edit View: Bundle Products" displayName="Hajir Quote Product Inline Edit View: Bundle Products" parentSchemaName="quotedetail" parentDisplayName="Quote Product" id="{ff61fb33-7458-ef11-95a0-000c2966b678}" />
      </MissingDependency>
      <MissingDependency>
        <Required key="70" type="2" schemaName="quotedetailid" displayName="Quote Product" parentSchemaName="quotedetail" parentDisplayName="Quote Product" solution="msdynce_Sales (9.0.4.0076)" />
        <Dependent key="69" type="26" schemaName="Hajir Quote Product Inline Edit View: Bundle Products" displayName="Hajir Quote Product Inline Edit View: Bundle Products" parentSchemaName="quotedetail" parentDisplayName="Quote Product" id="{ff61fb33-7458-ef11-95a0-000c2966b678}" />
      </MissingDependency>
      <MissingDependency>
        <Required key="54" type="2" schemaName="priceperunit" displayName="Price Per Unit" parentSchemaName="quotedetail" parentDisplayName="Quote Product" solution="msdynce_Sales (9.0.4.0076)" />
        <Dependent key="69" type="26" schemaName="Hajir Quote Product Inline Edit View: Bundle Products" displayName="Hajir Quote Product Inline Edit View: Bundle Products" parentSchemaName="quotedetail" parentDisplayName="Quote Product" id="{ff61fb33-7458-ef11-95a0-000c2966b678}" />
      </MissingDependency>
      <MissingDependency>
        <Required key="55" type="2" schemaName="ispriceoverridden" displayName="Price Overridden" parentSchemaName="quotedetail" parentDisplayName="Quote Product" solution="msdynce_Sales (9.0.4.0076)" />
        <Dependent key="69" type="26" schemaName="Hajir Quote Product Inline Edit View: Bundle Products" displayName="Hajir Quote Product Inline Edit View: Bundle Products" parentSchemaName="quotedetail" parentDisplayName="Quote Product" id="{ff61fb33-7458-ef11-95a0-000c2966b678}" />
      </MissingDependency>
      <MissingDependency>
        <Required key="45" type="2" schemaName="productdescription" displayName="Write-In Product" parentSchemaName="quotedetail" parentDisplayName="Quote Product" solution="msdynce_Sales (9.0.4.0076)" />
        <Dependent key="69" type="26" schemaName="Hajir Quote Product Inline Edit View: Bundle Products" displayName="Hajir Quote Product Inline Edit View: Bundle Products" parentSchemaName="quotedetail" parentDisplayName="Quote Product" id="{ff61fb33-7458-ef11-95a0-000c2966b678}" />
      </MissingDependency>
      <MissingDependency>
        <Required key="71" type="2" schemaName="parentbundleid" displayName="Parent Bundle" parentSchemaName="quotedetail" parentDisplayName="Quote Product" solution="msdynce_Sales (9.0.4.0076)" />
        <Dependent key="69" type="26" schemaName="Hajir Quote Product Inline Edit View: Bundle Products" displayName="Hajir Quote Product Inline Edit View: Bundle Products" parentSchemaName="quotedetail" parentDisplayName="Quote Product" id="{ff61fb33-7458-ef11-95a0-000c2966b678}" />
      </MissingDependency>
      <MissingDependency>
        <Required key="36" type="2" schemaName="manualdiscountamount" displayName="Manual Discount" parentSchemaName="quotedetail" parentDisplayName="Quote Product" solution="msdynce_Sales (9.0.4.0076)" />
        <Dependent key="69" type="26" schemaName="Hajir Quote Product Inline Edit View: Bundle Products" displayName="Hajir Quote Product Inline Edit View: Bundle Products" parentSchemaName="quotedetail" parentDisplayName="Quote Product" id="{ff61fb33-7458-ef11-95a0-000c2966b678}" />
      </MissingDependency>
      <MissingDependency>
        <Required key="72" type="2" schemaName="sequencenumber" displayName="Sequence Number" parentSchemaName="quotedetail" parentDisplayName="Quote Product" solution="msdynce_Sales (9.0.4.0076)" />
        <Dependent key="69" type="26" schemaName="Hajir Quote Product Inline Edit View: Bundle Products" displayName="Hajir Quote Product Inline Edit View: Bundle Products" parentSchemaName="quotedetail" parentDisplayName="Quote Product" id="{ff61fb33-7458-ef11-95a0-000c2966b678}" />
      </MissingDependency>
      <MissingDependency>
        <Required key="73" type="2" schemaName="productname" displayName="Product Name" parentSchemaName="quotedetail" parentDisplayName="Quote Product" solution="msdynce_Sales (9.0.4.0076)" />
        <Dependent key="69" type="26" schemaName="Hajir Quote Product Inline Edit View: Bundle Products" displayName="Hajir Quote Product Inline Edit View: Bundle Products" parentSchemaName="quotedetail" parentDisplayName="Quote Product" id="{ff61fb33-7458-ef11-95a0-000c2966b678}" />
      </MissingDependency>
      <MissingDependency>
        <Required key="39" type="2" schemaName="propertyconfigurationstatus" displayName="Property Configuration" parentSchemaName="quotedetail" parentDisplayName="Quote Product" solution="msdynce_Sales (9.0.4.0076)" />
        <Dependent key="69" type="26" schemaName="Hajir Quote Product Inline Edit View: Bundle Products" displayName="Hajir Quote Product Inline Edit View: Bundle Products" parentSchemaName="quotedetail" parentDisplayName="Quote Product" id="{ff61fb33-7458-ef11-95a0-000c2966b678}" />
      </MissingDependency>
      <MissingDependency>
        <Required key="43" type="2" schemaName="productid" displayName="Existing Product" parentSchemaName="quotedetail" parentDisplayName="Quote Product" solution="msdynce_Sales (9.0.4.0076)" />
        <Dependent key="69" type="26" schemaName="Hajir Quote Product Inline Edit View: Bundle Products" displayName="Hajir Quote Product Inline Edit View: Bundle Products" parentSchemaName="quotedetail" parentDisplayName="Quote Product" id="{ff61fb33-7458-ef11-95a0-000c2966b678}" />
      </MissingDependency>
      <MissingDependency>
        <Required key="46" type="2" schemaName="isproductoverridden" displayName="Select Product" parentSchemaName="quotedetail" parentDisplayName="Quote Product" solution="msdynce_Sales (9.0.4.0076)" />
        <Dependent key="69" type="26" schemaName="Hajir Quote Product Inline Edit View: Bundle Products" displayName="Hajir Quote Product Inline Edit View: Bundle Products" parentSchemaName="quotedetail" parentDisplayName="Quote Product" id="{ff61fb33-7458-ef11-95a0-000c2966b678}" />
      </MissingDependency>
      <MissingDependency>
        <Required key="74" type="26" schemaName="Quote Product Inline Edit View" displayName="Quote Product Inline Edit View" parentSchemaName="quotedetail" parentDisplayName="Quote Product" solution="msdynce_Sales (9.0.4.0076)" id="{cf23f371-4c2e-44df-bcef-c8971249bbe0}" />
        <Dependent key="74" type="26" schemaName="Quote Product Inline Edit View" displayName="Quote Product Inline Edit View" parentSchemaName="quotedetail" parentDisplayName="Quote Product" id="{cf23f371-4c2e-44df-bcef-c8971249bbe0}" />
      </MissingDependency>
    </MissingDependencies>
  </SolutionManifest>
</ImportExportXml>