<ImportExportXml version="9.1.1.914" SolutionPackageVersion="9.1" languagecode="1033" generatedBy="OnPremise" xmlns:xsi="http://www.w3.org/2001/XMLSchema-instance">
  <SolutionManifest>
    <UniqueName>HajirProducts</UniqueName>
    <LocalizedNames>
      <LocalizedName description="Hajir Products" languagecode="1033" />
    </LocalizedNames>
    <Descriptions>
      <Description description="Hajir solution for Product Managments" languagecode="1033" />
    </Descriptions>
    <Version>1.0.1</Version>
    <Managed>0</Managed>
    <Publisher>
      <UniqueName>hajirsanat</UniqueName>
      <LocalizedNames>
        <LocalizedName description="Hajir Sanat" languagecode="1033" />
      </LocalizedNames>
      <Descriptions />
      <EMailAddress xsi:nil="true"></EMailAddress>
      <SupportingWebsiteUrl xsi:nil="true"></SupportingWebsiteUrl>
      <CustomizationPrefix>hajir</CustomizationPrefix>
      <CustomizationOptionValuePrefix>20150</CustomizationOptionValuePrefix>
      <Addresses>
        <Address>
          <AddressNumber>1</AddressNumber>
          <AddressTypeCode>1</AddressTypeCode>
          <City xsi:nil="true"></City>
          <County xsi:nil="true"></County>
          <Country xsi:nil="true"></Country>
          <Fax xsi:nil="true"></Fax>
          <FreightTermsCode xsi:nil="true"></FreightTermsCode>
          <ImportSequenceNumber xsi:nil="true"></ImportSequenceNumber>
          <Latitude xsi:nil="true"></Latitude>
          <Line1 xsi:nil="true"></Line1>
          <Line2 xsi:nil="true"></Line2>
          <Line3 xsi:nil="true"></Line3>
          <Longitude xsi:nil="true"></Longitude>
          <Name xsi:nil="true"></Name>
          <PostalCode xsi:nil="true"></PostalCode>
          <PostOfficeBox xsi:nil="true"></PostOfficeBox>
          <PrimaryContactName xsi:nil="true"></PrimaryContactName>
          <ShippingMethodCode>1</ShippingMethodCode>
          <StateOrProvince xsi:nil="true"></StateOrProvince>
          <Telephone1 xsi:nil="true"></Telephone1>
          <Telephone2 xsi:nil="true"></Telephone2>
          <Telephone3 xsi:nil="true"></Telephone3>
          <TimeZoneRuleVersionNumber xsi:nil="true"></TimeZoneRuleVersionNumber>
          <UPSZone xsi:nil="true"></UPSZone>
          <UTCOffset xsi:nil="true"></UTCOffset>
          <UTCConversionTimeZoneCode xsi:nil="true"></UTCConversionTimeZoneCode>
        </Address>
        <Address>
          <AddressNumber>2</AddressNumber>
          <AddressTypeCode>1</AddressTypeCode>
          <City xsi:nil="true"></City>
          <County xsi:nil="true"></County>
          <Country xsi:nil="true"></Country>
          <Fax xsi:nil="true"></Fax>
          <FreightTermsCode xsi:nil="true"></FreightTermsCode>
          <ImportSequenceNumber xsi:nil="true"></ImportSequenceNumber>
          <Latitude xsi:nil="true"></Latitude>
          <Line1 xsi:nil="true"></Line1>
          <Line2 xsi:nil="true"></Line2>
          <Line3 xsi:nil="true"></Line3>
          <Longitude xsi:nil="true"></Longitude>
          <Name xsi:nil="true"></Name>
          <PostalCode xsi:nil="true"></PostalCode>
          <PostOfficeBox xsi:nil="true"></PostOfficeBox>
          <PrimaryContactName xsi:nil="true"></PrimaryContactName>
          <ShippingMethodCode>1</ShippingMethodCode>
          <StateOrProvince xsi:nil="true"></StateOrProvince>
          <Telephone1 xsi:nil="true"></Telephone1>
          <Telephone2 xsi:nil="true"></Telephone2>
          <Telephone3 xsi:nil="true"></Telephone3>
          <TimeZoneRuleVersionNumber xsi:nil="true"></TimeZoneRuleVersionNumber>
          <UPSZone xsi:nil="true"></UPSZone>
          <UTCOffset xsi:nil="true"></UTCOffset>
          <UTCConversionTimeZoneCode xsi:nil="true"></UTCConversionTimeZoneCode>
        </Address>
      </Addresses>
    </Publisher>
    <RootComponents>
      <RootComponent type="1" schemaName="hajir_productcategory" behavior="0" />
      <RootComponent type="1" schemaName="product" behavior="2" />
      <RootComponent type="9" schemaName="hajir_productcategorycode" behavior="0" />
      <RootComponent type="9" schemaName="hajir_producttypecode" behavior="0" />
      <RootComponent type="60" id="{72c1d207-ca7a-4d71-9ef5-3033638547ad}" behavior="0" />
      <RootComponent type="60" id="{a640be62-63f6-4027-90d7-48c014a7c6f3}" />
    </RootComponents>
    <MissingDependencies>
      <MissingDependency>
        <Required key="0" type="1" schemaName="product" displayName="Product" solution="msdynce_ProductManagement (9.0.4.0066)" />
        <Dependent key="1" type="2" schemaName="hajir_spec_ups_supported_batteries" displayName="باتری" parentSchemaName="product" parentDisplayName="Product" />
      </MissingDependency>
      <MissingDependency>
        <Required key="0" type="1" schemaName="product" displayName="Product" solution="msdynce_ProductManagement (9.0.4.0066)" />
        <Dependent key="2" type="2" schemaName="hajir_synchedon" displayName="SynchedOn" parentSchemaName="product" parentDisplayName="Product" />
      </MissingDependency>
      <MissingDependency>
        <Required key="0" type="1" schemaName="product" displayName="Product" solution="msdynce_ProductManagement (9.0.4.0066)" />
        <Dependent key="3" type="2" schemaName="hajir_spec_batterty_amperage" displayName="spec_batterty_amperage" parentSchemaName="product" parentDisplayName="Product" />
      </MissingDependency>
      <MissingDependency>
        <Required key="0" type="1" schemaName="product" displayName="Product" solution="msdynce_ProductManagement (9.0.4.0066)" />
        <Dependent key="4" type="2" schemaName="hajir_jsonprops" displayName="JsonProps" parentSchemaName="product" parentDisplayName="Product" />
      </MissingDependency>
      <MissingDependency>
        <Required key="0" type="1" schemaName="product" displayName="Product" solution="msdynce_ProductManagement (9.0.4.0066)" />
        <Dependent key="5" type="2" schemaName="hajir_categoryidname" parentSchemaName="product" parentDisplayName="Product" />
      </MissingDependency>
      <MissingDependency>
        <Required key="0" type="1" schemaName="product" displayName="Product" solution="msdynce_ProductManagement (9.0.4.0066)" />
        <Dependent key="6" type="2" schemaName="hajir_spec_cabinet_rows" displayName="spec_cabinet_rows" parentSchemaName="product" parentDisplayName="Product" />
      </MissingDependency>
      <MissingDependency>
        <Required key="0" type="1" schemaName="product" displayName="Product" solution="msdynce_ProductManagement (9.0.4.0066)" />
        <Dependent key="7" type="2" schemaName="hajir_producttypecode" displayName="نوع محصول" parentSchemaName="product" parentDisplayName="Product" />
      </MissingDependency>
      <MissingDependency>
        <Required key="0" type="1" schemaName="product" displayName="Product" solution="msdynce_ProductManagement (9.0.4.0066)" />
        <Dependent key="8" type="2" schemaName="hajir_categoryid" displayName="Category" parentSchemaName="product" parentDisplayName="Product" />
      </MissingDependency>
      <MissingDependency>
        <Required key="0" type="1" schemaName="product" displayName="Product" solution="msdynce_ProductManagement (9.0.4.0066)" />
        <Dependent key="9" type="10" schemaName="hajir_hajir_productcategory_product" displayName="hajir_hajir_productcategory_product" parentSchemaName="hajir_productcategory" parentDisplayName="Product Category" />
      </MissingDependency>
      <MissingDependency>
        <Required key="0" type="1" schemaName="product" displayName="Product" solution="msdynce_ProductManagement (9.0.4.0066)" />
        <Dependent key="0" type="1" schemaName="product" displayName="Product" />
      </MissingDependency>
      <MissingDependency>
        <Required key="10" type="1" schemaName="dynamicproperty" displayName="Property" solution="msdynce_ProductManagement (9.0.4.0066)" />
        <Dependent key="11" type="60" displayName="Product" parentDisplayName="Product" id="{a640be62-63f6-4027-90d7-48c014a7c6f3}" />
      </MissingDependency>
      <MissingDependency>
        <Required key="12" type="1" schemaName="productsubstitute" displayName="Product Relationship" solution="msdynce_ProductManagement (9.0.4.0066)" />
        <Dependent key="11" type="60" displayName="Product" parentDisplayName="Product" id="{a640be62-63f6-4027-90d7-48c014a7c6f3}" />
      </MissingDependency>
      <MissingDependency>
        <Required key="13" type="1" schemaName="productassociation" displayName="Product Association" solution="msdynce_ProductManagement (9.0.4.0066)" />
        <Dependent key="11" type="60" displayName="Product" parentDisplayName="Product" id="{a640be62-63f6-4027-90d7-48c014a7c6f3}" />
      </MissingDependency>
      <MissingDependency>
        <Required key="14" type="1" schemaName="productpricelevel" displayName="Price List Item" solution="msdynce_ProductManagement (9.0.4.0066)" />
        <Dependent key="11" type="60" displayName="Product" parentDisplayName="Product" id="{a640be62-63f6-4027-90d7-48c014a7c6f3}" />
      </MissingDependency>
      <MissingDependency>
        <Required key="15" type="2" schemaName="name" displayName="Name" parentSchemaName="product" parentDisplayName="Product" solution="msdynce_ProductManagement (9.0.4.0066)" />
        <Dependent key="11" type="60" displayName="Product" parentDisplayName="Product" id="{a640be62-63f6-4027-90d7-48c014a7c6f3}" />
      </MissingDependency>
      <MissingDependency>
        <Required key="16" type="2" schemaName="defaultuomid" displayName="Default Unit" parentSchemaName="product" parentDisplayName="Product" solution="msdynce_ProductManagement (9.0.4.0066)" />
        <Dependent key="11" type="60" displayName="Product" parentDisplayName="Product" id="{a640be62-63f6-4027-90d7-48c014a7c6f3}" />
      </MissingDependency>
      <MissingDependency>
        <Required key="17" type="2" schemaName="description" displayName="Description" parentSchemaName="product" parentDisplayName="Product" solution="msdynce_ProductManagement (9.0.4.0066)" />
        <Dependent key="11" type="60" displayName="Product" parentDisplayName="Product" id="{a640be62-63f6-4027-90d7-48c014a7c6f3}" />
      </MissingDependency>
      <MissingDependency>
        <Required key="18" type="2" schemaName="price" displayName="List Price" parentSchemaName="product" parentDisplayName="Product" solution="msdynce_ProductManagement (9.0.4.0066)" />
        <Dependent key="11" type="60" displayName="Product" parentDisplayName="Product" id="{a640be62-63f6-4027-90d7-48c014a7c6f3}" />
      </MissingDependency>
      <MissingDependency>
        <Required key="19" type="2" schemaName="validtodate" displayName="Valid To" parentSchemaName="product" parentDisplayName="Product" solution="msdynce_ProductManagement (9.0.4.0066)" />
        <Dependent key="11" type="60" displayName="Product" parentDisplayName="Product" id="{a640be62-63f6-4027-90d7-48c014a7c6f3}" />
      </MissingDependency>
      <MissingDependency>
        <Required key="20" type="2" schemaName="currentcost" displayName="Current Cost" parentSchemaName="product" parentDisplayName="Product" solution="msdynce_ProductManagement (9.0.4.0066)" />
        <Dependent key="11" type="60" displayName="Product" parentDisplayName="Product" id="{a640be62-63f6-4027-90d7-48c014a7c6f3}" />
      </MissingDependency>
      <MissingDependency>
        <Required key="21" type="2" schemaName="standardcost" displayName="Standard Cost" parentSchemaName="product" parentDisplayName="Product" solution="msdynce_ProductManagement (9.0.4.0066)" />
        <Dependent key="11" type="60" displayName="Product" parentDisplayName="Product" id="{a640be62-63f6-4027-90d7-48c014a7c6f3}" />
      </MissingDependency>
      <MissingDependency>
        <Required key="22" type="2" schemaName="parentproductid" displayName="Parent" parentSchemaName="product" parentDisplayName="Product" solution="msdynce_ProductManagement (9.0.4.0066)" />
        <Dependent key="11" type="60" displayName="Product" parentDisplayName="Product" id="{a640be62-63f6-4027-90d7-48c014a7c6f3}" />
      </MissingDependency>
      <MissingDependency>
        <Required key="23" type="2" schemaName="pricelevelid" displayName="Default Price List" parentSchemaName="product" parentDisplayName="Product" solution="msdynce_ProductManagement (9.0.4.0066)" />
        <Dependent key="11" type="60" displayName="Product" parentDisplayName="Product" id="{a640be62-63f6-4027-90d7-48c014a7c6f3}" />
      </MissingDependency>
      <MissingDependency>
        <Required key="24" type="2" schemaName="defaultuomscheduleid" displayName="Unit Group" parentSchemaName="product" parentDisplayName="Product" solution="msdynce_ProductManagement (9.0.4.0066)" />
        <Dependent key="11" type="60" displayName="Product" parentDisplayName="Product" id="{a640be62-63f6-4027-90d7-48c014a7c6f3}" />
      </MissingDependency>
      <MissingDependency>
        <Required key="25" type="2" schemaName="quantitydecimal" displayName="Decimals Supported" parentSchemaName="product" parentDisplayName="Product" solution="msdynce_ProductManagement (9.0.4.0066)" />
        <Dependent key="11" type="60" displayName="Product" parentDisplayName="Product" id="{a640be62-63f6-4027-90d7-48c014a7c6f3}" />
      </MissingDependency>
      <MissingDependency>
        <Required key="26" type="2" schemaName="validfromdate" displayName="Valid From" parentSchemaName="product" parentDisplayName="Product" solution="msdynce_ProductManagement (9.0.4.0066)" />
        <Dependent key="11" type="60" displayName="Product" parentDisplayName="Product" id="{a640be62-63f6-4027-90d7-48c014a7c6f3}" />
      </MissingDependency>
      <MissingDependency>
        <Required key="27" type="2" schemaName="productnumber" displayName="Product ID" parentSchemaName="product" parentDisplayName="Product" solution="msdynce_ProductManagement (9.0.4.0066)" />
        <Dependent key="11" type="60" displayName="Product" parentDisplayName="Product" id="{a640be62-63f6-4027-90d7-48c014a7c6f3}" />
      </MissingDependency>
      <MissingDependency>
        <Required key="28" type="2" schemaName="statecode" displayName="Status" parentSchemaName="product" parentDisplayName="Product" solution="msdynce_ProductManagement (9.0.4.0066)" />
        <Dependent key="11" type="60" displayName="Product" parentDisplayName="Product" id="{a640be62-63f6-4027-90d7-48c014a7c6f3}" />
      </MissingDependency>
      <MissingDependency>
        <Required key="29" type="2" schemaName="subjectid" displayName="Subject" parentSchemaName="product" parentDisplayName="Product" solution="msdynce_ProductManagement (9.0.4.0066)" />
        <Dependent key="11" type="60" displayName="Product" parentDisplayName="Product" id="{a640be62-63f6-4027-90d7-48c014a7c6f3}" />
      </MissingDependency>
      <MissingDependency>
        <Required key="30" type="26" schemaName="Product Family Lookup View" displayName="Product Family Lookup View" parentSchemaName="product" parentDisplayName="Product" solution="msdynce_ProductManagement (9.0.4.0066)" id="{19d7f2e0-e427-40fb-85e8-53e7cef2b166}" />
        <Dependent key="11" type="60" displayName="Product" parentDisplayName="Product" id="{a640be62-63f6-4027-90d7-48c014a7c6f3}" />
      </MissingDependency>
      <MissingDependency>
        <Required key="31" type="26" schemaName="Product Association Associated View" displayName="Product Association Associated View" parentSchemaName="productassociation" parentDisplayName="Product Association" solution="msdynce_ProductManagement (9.0.4.0066)" id="{8f4f0419-a73a-4ac5-b59b-38fe04f21336}" />
        <Dependent key="11" type="60" displayName="Product" parentDisplayName="Product" id="{a640be62-63f6-4027-90d7-48c014a7c6f3}" />
      </MissingDependency>
      <MissingDependency>
        <Required key="32" type="26" schemaName="All Product Relationships" displayName="All Product Relationships" parentSchemaName="productsubstitute" parentDisplayName="Product Relationship" solution="msdynce_ProductManagement (9.0.4.0066)" id="{400c861d-f355-42b2-9899-2b3196cbd71f}" />
        <Dependent key="11" type="60" displayName="Product" parentDisplayName="Product" id="{a640be62-63f6-4027-90d7-48c014a7c6f3}" />
      </MissingDependency>
      <MissingDependency>
        <Required key="33" type="26" schemaName="Unit Groups Lookup View" displayName="Unit Groups Lookup View" parentSchemaName="uomschedule" parentDisplayName="Unit Group" solution="msdynce_ProductManagement (9.0.4.0066)" id="{2d013a3a-07cd-4163-8208-8e8e605492f4}" />
        <Dependent key="11" type="60" displayName="Product" parentDisplayName="Product" id="{a640be62-63f6-4027-90d7-48c014a7c6f3}" />
      </MissingDependency>
      <MissingDependency>
        <Required key="34" type="26" schemaName="Active Price Lists" displayName="Active Price Lists" parentSchemaName="pricelevel" parentDisplayName="Price List" solution="msdynce_ProductManagement (9.0.4.0066)" id="{2261e01b-b7e6-433a-8d6d-f1fd6ac9f70f}" />
        <Dependent key="11" type="60" displayName="Product" parentDisplayName="Product" id="{a640be62-63f6-4027-90d7-48c014a7c6f3}" />
      </MissingDependency>
      <MissingDependency>
        <Required key="35" type="26" schemaName="Unit Group Units Lookup View" displayName="Unit Group Units Lookup View" parentSchemaName="uom" parentDisplayName="Unit" solution="msdynce_ProductManagement (9.0.4.0066)" id="{4da6f46b-3649-4d0e-b5d2-ccb590f4227d}" />
        <Dependent key="11" type="60" displayName="Product" parentDisplayName="Product" id="{a640be62-63f6-4027-90d7-48c014a7c6f3}" />
      </MissingDependency>
      <MissingDependency>
        <Required key="36" type="26" schemaName="Properties - Product Families" displayName="Properties - Product Families" parentSchemaName="dynamicproperty" parentDisplayName="Property" solution="msdynce_ProductManagement (9.0.4.0066)" id="{63abc191-f333-47e1-9f3f-ef1cbf8df1c0}" />
        <Dependent key="11" type="60" displayName="Product" parentDisplayName="Product" id="{a640be62-63f6-4027-90d7-48c014a7c6f3}" />
      </MissingDependency>
      <MissingDependency>
        <Required key="37" type="26" schemaName="Extended Product Price List - Products" displayName="Extended Product Price List - Products" parentSchemaName="productpricelevel" parentDisplayName="Price List Item" solution="msdynce_ProductManagement (9.0.4.0066)" id="{19103072-cd05-42c7-b174-f981d33b8beb}" />
        <Dependent key="11" type="60" displayName="Product" parentDisplayName="Product" id="{a640be62-63f6-4027-90d7-48c014a7c6f3}" />
      </MissingDependency>
      <MissingDependency>
        <Required key="11" type="60" displayName="Product" parentDisplayName="Product" solution="msdynce_ProductManagement (9.0.4.0066)" id="{a640be62-63f6-4027-90d7-48c014a7c6f3}" />
        <Dependent key="11" type="60" displayName="Product" parentDisplayName="Product" id="{a640be62-63f6-4027-90d7-48c014a7c6f3}" />
      </MissingDependency>
      <MissingDependency>
        <Required key="38" type="66" schemaName="MscrmControls.RetrieveProperties.RetrievePropertiesControl" displayName="MscrmControls.RetrieveProperties.RetrievePropertiesControl" solution="msdynce_ProductManagementPatch (9.0.2009.03002  )" />
        <Dependent key="11" type="60" displayName="Product" parentDisplayName="Product" id="{a640be62-63f6-4027-90d7-48c014a7c6f3}" />
      </MissingDependency>
      <MissingDependency>
        <Required key="26" type="2" schemaName="validfromdate" displayName="Valid From" parentSchemaName="product" parentDisplayName="Product" solution="msdynce_ProductManagement (9.0.4.0066)" />
        <Dependent key="39" type="26" schemaName="Active Products, Families &amp; Bundles" displayName="Active Products, Families &amp; Bundles" parentSchemaName="product" parentDisplayName="Product" id="{a066d18a-8a4a-44ee-b78e-9a870dc799dd}" />
      </MissingDependency>
      <MissingDependency>
        <Required key="27" type="2" schemaName="productnumber" displayName="Product ID" parentSchemaName="product" parentDisplayName="Product" solution="msdynce_ProductManagement (9.0.4.0066)" />
        <Dependent key="39" type="26" schemaName="Active Products, Families &amp; Bundles" displayName="Active Products, Families &amp; Bundles" parentSchemaName="product" parentDisplayName="Product" id="{a066d18a-8a4a-44ee-b78e-9a870dc799dd}" />
      </MissingDependency>
      <MissingDependency>
        <Required key="28" type="2" schemaName="statecode" displayName="Status" parentSchemaName="product" parentDisplayName="Product" solution="msdynce_ProductManagement (9.0.4.0066)" />
        <Dependent key="39" type="26" schemaName="Active Products, Families &amp; Bundles" displayName="Active Products, Families &amp; Bundles" parentSchemaName="product" parentDisplayName="Product" id="{a066d18a-8a4a-44ee-b78e-9a870dc799dd}" />
      </MissingDependency>
      <MissingDependency>
        <Required key="15" type="2" schemaName="name" displayName="Name" parentSchemaName="product" parentDisplayName="Product" solution="msdynce_ProductManagement (9.0.4.0066)" />
        <Dependent key="39" type="26" schemaName="Active Products, Families &amp; Bundles" displayName="Active Products, Families &amp; Bundles" parentSchemaName="product" parentDisplayName="Product" id="{a066d18a-8a4a-44ee-b78e-9a870dc799dd}" />
      </MissingDependency>
      <MissingDependency>
        <Required key="40" type="2" schemaName="hierarchypath" displayName="Hierarchy Path" parentSchemaName="product" parentDisplayName="Product" solution="msdynce_ProductManagement (9.0.4.0066)" />
        <Dependent key="39" type="26" schemaName="Active Products, Families &amp; Bundles" displayName="Active Products, Families &amp; Bundles" parentSchemaName="product" parentDisplayName="Product" id="{a066d18a-8a4a-44ee-b78e-9a870dc799dd}" />
      </MissingDependency>
      <MissingDependency>
        <Required key="41" type="2" schemaName="productid" displayName="Product" parentSchemaName="product" parentDisplayName="Product" solution="msdynce_ProductManagement (9.0.4.0066)" />
        <Dependent key="39" type="26" schemaName="Active Products, Families &amp; Bundles" displayName="Active Products, Families &amp; Bundles" parentSchemaName="product" parentDisplayName="Product" id="{a066d18a-8a4a-44ee-b78e-9a870dc799dd}" />
      </MissingDependency>
      <MissingDependency>
        <Required key="42" type="2" schemaName="productstructure" displayName="Product Structure" parentSchemaName="product" parentDisplayName="Product" solution="msdynce_ProductManagement (9.0.4.0066)" />
        <Dependent key="39" type="26" schemaName="Active Products, Families &amp; Bundles" displayName="Active Products, Families &amp; Bundles" parentSchemaName="product" parentDisplayName="Product" id="{a066d18a-8a4a-44ee-b78e-9a870dc799dd}" />
      </MissingDependency>
      <MissingDependency>
        <Required key="19" type="2" schemaName="validtodate" displayName="Valid To" parentSchemaName="product" parentDisplayName="Product" solution="msdynce_ProductManagement (9.0.4.0066)" />
        <Dependent key="39" type="26" schemaName="Active Products, Families &amp; Bundles" displayName="Active Products, Families &amp; Bundles" parentSchemaName="product" parentDisplayName="Product" id="{a066d18a-8a4a-44ee-b78e-9a870dc799dd}" />
      </MissingDependency>
      <MissingDependency>
        <Required key="39" type="26" schemaName="Active Products, Families &amp; Bundles" displayName="Active Products, Families &amp; Bundles" parentSchemaName="product" parentDisplayName="Product" solution="msdynce_ProductManagement (9.0.4.0066)" id="{a066d18a-8a4a-44ee-b78e-9a870dc799dd}" />
        <Dependent key="39" type="26" schemaName="Active Products, Families &amp; Bundles" displayName="Active Products, Families &amp; Bundles" parentSchemaName="product" parentDisplayName="Product" id="{a066d18a-8a4a-44ee-b78e-9a870dc799dd}" />
      </MissingDependency>
    </MissingDependencies>
  </SolutionManifest>
</ImportExportXml>